7/18/2025 3:46:13 PM : Starting Network Model Service...
7/18/2025 3:51:57 PM : Starting Network Model Service...
7/18/2025 3:51:58 PM : The WCF service GenericDataAccess is ready.
7/18/2025 3:51:58 PM : Endpoints:
7/18/2025 3:51:58 PM : net.tcp://localhost:10000/NetworkModelService/GDA/
7/18/2025 3:51:58 PM : Connection string: ../NetworkModelData.data
7/18/2025 3:51:58 PM : Trace level: Info
7/18/2025 3:51:58 PM : The Network Model Service is started.
7/18/2025 3:51:58 PM : Press <Enter> to stop the service.
7/18/2025 3:52:29 PM : Applying  delta to network model.
7/18/2025 3:52:29 PM : Inserting entity with GID (0000000100000001).
7/18/2025 3:52:29 PM : Failed to insert entity (GID = 0x0000000100000001) into model. Index (zero based) must be greater than or equal to zero and less than the size of the argument list.
7/18/2025 3:52:29 PM : Applying delta to network model failed. Failed to insert entity (GID = 0x0000000100000001) into model. Index (zero based) must be greater than or equal to zero and less than the size of the argument list..
7/18/2025 4:29:20 PM : Starting Network Model Service...
7/18/2025 4:29:21 PM : Inserting entity with GID (0000000100000001).
7/18/2025 4:29:21 PM : Failed to insert entity (GID = 0x0000000100000001) into model. Index (zero based) must be greater than or equal to zero and less than the size of the argument list.
7/18/2025 4:29:21 PM : Error while applying delta (id = 1) during service initialization. Failed to insert entity (GID = 0x0000000100000001) into model. Index (zero based) must be greater than or equal to zero and less than the size of the argument list.
7/18/2025 4:29:22 PM : The WCF service GenericDataAccess is ready.
7/18/2025 4:29:22 PM : Endpoints:
7/18/2025 4:29:22 PM : net.tcp://localhost:10000/NetworkModelService/GDA/
7/18/2025 4:29:22 PM : Connection string: ../NetworkModelData.data
7/18/2025 4:29:22 PM : Trace level: Info
7/18/2025 4:29:22 PM : The Network Model Service is started.
7/18/2025 4:29:22 PM : Press <Enter> to stop the service.
7/18/2025 4:30:19 PM : Applying  delta to network model.
7/18/2025 4:30:19 PM : Inserting entity with GID (0000000600000001).
7/18/2025 4:30:19 PM : Inserting entity with GID (0000000600000002).
7/18/2025 4:30:19 PM : Inserting entity with GID (0000000600000003).
7/18/2025 4:30:19 PM : Inserting entity with GID (0000000500000001).
7/18/2025 4:30:19 PM : Inserting entity with GID (0000000500000002).
7/18/2025 4:30:19 PM : Inserting entity with GID (0000000400000001).
7/18/2025 4:30:19 PM : Inserting entity with GID (0000000400000002).
7/18/2025 4:30:19 PM : Inserting entity with GID (0000000300000001).
7/18/2025 4:30:19 PM : Inserting entity with GID (0000000300000002).
7/18/2025 4:30:19 PM : Inserting entity with GID (0000000300000003).
7/18/2025 4:30:19 PM : Inserting entity with GID (0000000200000001).
7/18/2025 4:30:19 PM : Inserting entity with GID (0000000200000002).
7/18/2025 4:30:19 PM : Inserting entity with GID (0000000200000003).
7/18/2025 4:30:19 PM : Inserting entity with GID (0000000100000002).
7/18/2025 4:30:19 PM : Inserting entity with GID (0000000100000003).
7/18/2025 4:30:19 PM : Inserting entity with GID (0000000100000004).
7/18/2025 4:30:20 PM : Applying delta to network model successfully finished.
7/19/2025 2:45:40 AM : Starting Network Model Service...
7/19/2025 2:45:41 AM : Inserting entity with GID (0000000100000001).
7/19/2025 2:45:41 AM : Failed to insert entity (GID = 0x0000000100000001) into model. Index (zero based) must be greater than or equal to zero and less than the size of the argument list.
7/19/2025 2:45:41 AM : Error while applying delta (id = 1) during service initialization. Failed to insert entity (GID = 0x0000000100000001) into model. Index (zero based) must be greater than or equal to zero and less than the size of the argument list.
7/19/2025 2:45:41 AM : Inserting entity with GID (0000000600000001).
7/19/2025 2:45:41 AM : Inserting entity with GID (0000000600000002).
7/19/2025 2:45:41 AM : Inserting entity with GID (0000000600000003).
7/19/2025 2:45:41 AM : Inserting entity with GID (0000000500000001).
7/19/2025 2:45:41 AM : Inserting entity with GID (0000000500000002).
7/19/2025 2:45:41 AM : Inserting entity with GID (0000000400000001).
7/19/2025 2:45:41 AM : Inserting entity with GID (0000000400000002).
7/19/2025 2:45:41 AM : Inserting entity with GID (0000000300000001).
7/19/2025 2:45:41 AM : Inserting entity with GID (0000000300000002).
7/19/2025 2:45:41 AM : Inserting entity with GID (0000000300000003).
7/19/2025 2:45:41 AM : Inserting entity with GID (0000000200000001).
7/19/2025 2:45:41 AM : Inserting entity with GID (0000000200000002).
7/19/2025 2:45:41 AM : Inserting entity with GID (0000000200000003).
7/19/2025 2:45:41 AM : Inserting entity with GID (0000000100000002).
7/19/2025 2:45:41 AM : Inserting entity with GID (0000000100000003).
7/19/2025 2:45:41 AM : Inserting entity with GID (0000000100000004).
7/19/2025 2:45:42 AM : The WCF service GenericDataAccess is ready.
7/19/2025 2:45:42 AM : Endpoints:
7/19/2025 2:45:42 AM : net.tcp://localhost:10000/NetworkModelService/GDA/
7/19/2025 2:45:42 AM : Connection string: ../NetworkModelData.data
7/19/2025 2:45:42 AM : Trace level: Info
7/19/2025 2:45:42 AM : The Network Model Service is started.
7/19/2025 2:45:42 AM : Press <Enter> to stop the service.
7/19/2025 2:52:58 AM : Starting Network Model Service...
7/19/2025 2:52:58 AM : Inserting entity with GID (0000000100000001).
7/19/2025 2:52:58 AM : Failed to insert entity (GID = 0x0000000100000001) into model. Index (zero based) must be greater than or equal to zero and less than the size of the argument list.
7/19/2025 2:52:58 AM : Error while applying delta (id = 1) during service initialization. Failed to insert entity (GID = 0x0000000100000001) into model. Index (zero based) must be greater than or equal to zero and less than the size of the argument list.
7/19/2025 2:52:58 AM : Inserting entity with GID (0000000600000001).
7/19/2025 2:52:58 AM : Inserting entity with GID (0000000600000002).
7/19/2025 2:52:58 AM : Inserting entity with GID (0000000600000003).
7/19/2025 2:52:58 AM : Inserting entity with GID (0000000500000001).
7/19/2025 2:52:58 AM : Inserting entity with GID (0000000500000002).
7/19/2025 2:52:58 AM : Inserting entity with GID (0000000400000001).
7/19/2025 2:52:58 AM : Inserting entity with GID (0000000400000002).
7/19/2025 2:52:58 AM : Inserting entity with GID (0000000300000001).
7/19/2025 2:52:58 AM : Inserting entity with GID (0000000300000002).
7/19/2025 2:52:58 AM : Inserting entity with GID (0000000300000003).
7/19/2025 2:52:58 AM : Inserting entity with GID (0000000200000001).
7/19/2025 2:52:58 AM : Inserting entity with GID (0000000200000002).
7/19/2025 2:52:58 AM : Inserting entity with GID (0000000200000003).
7/19/2025 2:52:58 AM : Inserting entity with GID (0000000100000002).
7/19/2025 2:52:58 AM : Inserting entity with GID (0000000100000003).
7/19/2025 2:52:58 AM : Inserting entity with GID (0000000100000004).
7/19/2025 2:52:59 AM : The WCF service GenericDataAccess is ready.
7/19/2025 2:52:59 AM : Endpoints:
7/19/2025 2:52:59 AM : net.tcp://localhost:10000/NetworkModelService/GDA/
7/19/2025 2:52:59 AM : Connection string: ../NetworkModelData.data
7/19/2025 2:52:59 AM : Trace level: Info
7/19/2025 2:52:59 AM : The Network Model Service is started.
7/19/2025 2:52:59 AM : Press <Enter> to stop the service.
7/19/2025 2:53:23 AM : Failed to set value for property (CONDUCTINGEQUIPMENT_TERMINAL) because specified vector value is not compatible with property type (Reference).
7/19/2025 2:53:23 AM : Collecting ResourceDescriptions failed. Exception: Failed to get values for entity with GID = 0x0000000200000001. Failed to set value for property (CONDUCTINGEQUIPMENT_TERMINAL) because specified vector value is not compatible with property type (Reference).
7/19/2025 2:53:23 AM : Failed to get next set of ResourceDescription iterators. Failed to get values for entity with GID = 0x0000000200000001. Failed to set value for property (CONDUCTINGEQUIPMENT_TERMINAL) because specified vector value is not compatible with property type (Reference).
7/19/2025 2:53:23 AM : IteratorNext failed. Iterator ID = 2. Resources to fetch count = 1000. Failed to get next set of ResourceDescription iterators. Failed to get values for entity with GID = 0x0000000200000001. Failed to set value for property (CONDUCTINGEQUIPMENT_TERMINAL) because specified vector value is not compatible with property type (Reference). 
7/19/2025 2:56:45 AM : Applying  delta to network model.
7/19/2025 2:56:45 AM : Inserting entity with GID (0000000600000004).
7/19/2025 2:56:45 AM : Inserting entity with GID (0000000600000005).
7/19/2025 2:56:45 AM : Inserting entity with GID (0000000600000006).
7/19/2025 2:56:45 AM : Inserting entity with GID (0000000500000003).
7/19/2025 2:56:45 AM : Inserting entity with GID (0000000500000004).
7/19/2025 2:56:45 AM : Inserting entity with GID (0000000400000003).
7/19/2025 2:56:45 AM : Inserting entity with GID (0000000400000004).
7/19/2025 2:56:45 AM : Inserting entity with GID (0000000300000004).
7/19/2025 2:56:45 AM : Inserting entity with GID (0000000300000005).
7/19/2025 2:56:45 AM : Inserting entity with GID (0000000300000006).
7/19/2025 2:56:45 AM : Inserting entity with GID (0000000200000004).
7/19/2025 2:56:45 AM : Inserting entity with GID (0000000200000005).
7/19/2025 2:56:45 AM : Inserting entity with GID (0000000200000006).
7/19/2025 2:56:45 AM : Inserting entity with GID (0000000100000005).
7/19/2025 2:56:45 AM : Inserting entity with GID (0000000100000006).
7/19/2025 2:56:45 AM : Inserting entity with GID (0000000100000007).
7/19/2025 2:56:45 AM : Applying delta to network model successfully finished.
7/19/2025 2:57:05 AM : Failed to set value for property (CONDUCTINGEQUIPMENT_TERMINAL) because specified vector value is not compatible with property type (Reference).
7/19/2025 2:57:05 AM : Collecting ResourceDescriptions failed. Exception: Failed to get values for entity with GID = 0x0000000200000001. Failed to set value for property (CONDUCTINGEQUIPMENT_TERMINAL) because specified vector value is not compatible with property type (Reference).
7/19/2025 2:57:05 AM : Failed to get next set of ResourceDescription iterators. Failed to get values for entity with GID = 0x0000000200000001. Failed to set value for property (CONDUCTINGEQUIPMENT_TERMINAL) because specified vector value is not compatible with property type (Reference).
7/19/2025 2:57:05 AM : IteratorNext failed. Iterator ID = 4. Resources to fetch count = 1000. Failed to get next set of ResourceDescription iterators. Failed to get values for entity with GID = 0x0000000200000001. Failed to set value for property (CONDUCTINGEQUIPMENT_TERMINAL) because specified vector value is not compatible with property type (Reference). 
7/19/2025 1:12:19 PM : Starting Network Model Service...
7/19/2025 1:12:19 PM : Inserting entity with GID (0000000100000001).
7/19/2025 1:12:19 PM : Failed to insert entity (GID = 0x0000000100000001) into model. Index (zero based) must be greater than or equal to zero and less than the size of the argument list.
7/19/2025 1:12:19 PM : Error while applying delta (id = 1) during service initialization. Failed to insert entity (GID = 0x0000000100000001) into model. Index (zero based) must be greater than or equal to zero and less than the size of the argument list.
7/19/2025 1:12:19 PM : Inserting entity with GID (0000000600000001).
7/19/2025 1:12:19 PM : Inserting entity with GID (0000000600000002).
7/19/2025 1:12:19 PM : Inserting entity with GID (0000000600000003).
7/19/2025 1:12:19 PM : Inserting entity with GID (0000000500000001).
7/19/2025 1:12:19 PM : Inserting entity with GID (0000000500000002).
7/19/2025 1:12:19 PM : Inserting entity with GID (0000000400000001).
7/19/2025 1:12:19 PM : Inserting entity with GID (0000000400000002).
7/19/2025 1:12:19 PM : Inserting entity with GID (0000000300000001).
7/19/2025 1:12:19 PM : Inserting entity with GID (0000000300000002).
7/19/2025 1:12:19 PM : Inserting entity with GID (0000000300000003).
7/19/2025 1:12:19 PM : Inserting entity with GID (0000000200000001).
7/19/2025 1:12:19 PM : Inserting entity with GID (0000000200000002).
7/19/2025 1:12:19 PM : Inserting entity with GID (0000000200000003).
7/19/2025 1:12:19 PM : Inserting entity with GID (0000000100000002).
7/19/2025 1:12:19 PM : Inserting entity with GID (0000000100000003).
7/19/2025 1:12:19 PM : Inserting entity with GID (0000000100000004).
7/19/2025 1:12:19 PM : Inserting entity with GID (0000000600000004).
7/19/2025 1:12:19 PM : Inserting entity with GID (0000000600000005).
7/19/2025 1:12:19 PM : Inserting entity with GID (0000000600000006).
7/19/2025 1:12:19 PM : Inserting entity with GID (0000000500000003).
7/19/2025 1:12:19 PM : Inserting entity with GID (0000000500000004).
7/19/2025 1:12:19 PM : Inserting entity with GID (0000000400000003).
7/19/2025 1:12:19 PM : Inserting entity with GID (0000000400000004).
7/19/2025 1:12:19 PM : Inserting entity with GID (0000000300000004).
7/19/2025 1:12:19 PM : Inserting entity with GID (0000000300000005).
7/19/2025 1:12:19 PM : Inserting entity with GID (0000000300000006).
7/19/2025 1:12:19 PM : Inserting entity with GID (0000000200000004).
7/19/2025 1:12:19 PM : Inserting entity with GID (0000000200000005).
7/19/2025 1:12:19 PM : Inserting entity with GID (0000000200000006).
7/19/2025 1:12:19 PM : Inserting entity with GID (0000000100000005).
7/19/2025 1:12:19 PM : Inserting entity with GID (0000000100000006).
7/19/2025 1:12:19 PM : Inserting entity with GID (0000000100000007).
7/19/2025 1:12:20 PM : The WCF service GenericDataAccess is ready.
7/19/2025 1:12:20 PM : Endpoints:
7/19/2025 1:12:20 PM : net.tcp://localhost:10000/NetworkModelService/GDA/
7/19/2025 1:12:20 PM : Connection string: ../NetworkModelData.data
7/19/2025 1:12:20 PM : Trace level: Info
7/19/2025 1:12:20 PM : The Network Model Service is started.
7/19/2025 1:12:20 PM : Press <Enter> to stop the service.
7/19/2025 1:12:48 PM : Applying  delta to network model.
7/19/2025 1:12:48 PM : Inserting entity with GID (0000000600000007).
7/19/2025 1:12:48 PM : Inserting entity with GID (0000000600000008).
7/19/2025 1:12:48 PM : Inserting entity with GID (0000000600000009).
7/19/2025 1:12:48 PM : Inserting entity with GID (0000000500000005).
7/19/2025 1:12:48 PM : Inserting entity with GID (0000000500000006).
7/19/2025 1:12:48 PM : Inserting entity with GID (0000000400000005).
7/19/2025 1:12:48 PM : Inserting entity with GID (0000000400000006).
7/19/2025 1:12:48 PM : Inserting entity with GID (0000000300000007).
7/19/2025 1:12:48 PM : Inserting entity with GID (0000000300000008).
7/19/2025 1:12:48 PM : Inserting entity with GID (0000000300000009).
7/19/2025 1:12:48 PM : Inserting entity with GID (0000000200000007).
7/19/2025 1:12:48 PM : Inserting entity with GID (0000000200000008).
7/19/2025 1:12:48 PM : Inserting entity with GID (0000000200000009).
7/19/2025 1:12:48 PM : Inserting entity with GID (0000000100000008).
7/19/2025 1:12:48 PM : Inserting entity with GID (0000000100000009).
7/19/2025 1:12:48 PM : Inserting entity with GID (000000010000000a).
7/19/2025 1:12:48 PM : Applying delta to network model successfully finished.
7/19/2025 1:13:02 PM : Failed to set value for property (CONDUCTINGEQUIPMENT_TERMINAL) because specified vector value is not compatible with property type (Reference).
7/19/2025 1:13:02 PM : Collecting ResourceDescriptions failed. Exception: Failed to get values for entity with GID = 0x0000000200000001. Failed to set value for property (CONDUCTINGEQUIPMENT_TERMINAL) because specified vector value is not compatible with property type (Reference).
7/19/2025 1:13:02 PM : Failed to get next set of ResourceDescription iterators. Failed to get values for entity with GID = 0x0000000200000001. Failed to set value for property (CONDUCTINGEQUIPMENT_TERMINAL) because specified vector value is not compatible with property type (Reference).
7/19/2025 1:13:02 PM : IteratorNext failed. Iterator ID = 2. Resources to fetch count = 1000. Failed to get next set of ResourceDescription iterators. Failed to get values for entity with GID = 0x0000000200000001. Failed to set value for property (CONDUCTINGEQUIPMENT_TERMINAL) because specified vector value is not compatible with property type (Reference). 
7/19/2025 1:25:40 PM : Starting Network Model Service...
7/19/2025 1:25:40 PM : Inserting entity with GID (0000000100000001).
7/19/2025 1:25:40 PM : Failed to insert entity (GID = 0x0000000100000001) into model. Index (zero based) must be greater than or equal to zero and less than the size of the argument list.
7/19/2025 1:25:40 PM : Error while applying delta (id = 1) during service initialization. Failed to insert entity (GID = 0x0000000100000001) into model. Index (zero based) must be greater than or equal to zero and less than the size of the argument list.
7/19/2025 1:25:40 PM : Inserting entity with GID (0000000600000001).
7/19/2025 1:25:40 PM : Inserting entity with GID (0000000600000002).
7/19/2025 1:25:40 PM : Inserting entity with GID (0000000600000003).
7/19/2025 1:25:40 PM : Inserting entity with GID (0000000500000001).
7/19/2025 1:25:40 PM : Inserting entity with GID (0000000500000002).
7/19/2025 1:25:40 PM : Inserting entity with GID (0000000400000001).
7/19/2025 1:25:40 PM : Inserting entity with GID (0000000400000002).
7/19/2025 1:25:40 PM : Inserting entity with GID (0000000300000001).
7/19/2025 1:25:40 PM : Inserting entity with GID (0000000300000002).
7/19/2025 1:25:40 PM : Inserting entity with GID (0000000300000003).
7/19/2025 1:25:40 PM : Inserting entity with GID (0000000200000001).
7/19/2025 1:25:40 PM : Inserting entity with GID (0000000200000002).
7/19/2025 1:25:40 PM : Inserting entity with GID (0000000200000003).
7/19/2025 1:25:40 PM : Inserting entity with GID (0000000100000002).
7/19/2025 1:25:40 PM : Inserting entity with GID (0000000100000003).
7/19/2025 1:25:40 PM : Inserting entity with GID (0000000100000004).
7/19/2025 1:25:40 PM : Inserting entity with GID (0000000600000004).
7/19/2025 1:25:40 PM : Inserting entity with GID (0000000600000005).
7/19/2025 1:25:40 PM : Inserting entity with GID (0000000600000006).
7/19/2025 1:25:40 PM : Inserting entity with GID (0000000500000003).
7/19/2025 1:25:40 PM : Inserting entity with GID (0000000500000004).
7/19/2025 1:25:40 PM : Inserting entity with GID (0000000400000003).
7/19/2025 1:25:40 PM : Inserting entity with GID (0000000400000004).
7/19/2025 1:25:40 PM : Inserting entity with GID (0000000300000004).
7/19/2025 1:25:40 PM : Inserting entity with GID (0000000300000005).
7/19/2025 1:25:40 PM : Inserting entity with GID (0000000300000006).
7/19/2025 1:25:40 PM : Inserting entity with GID (0000000200000004).
7/19/2025 1:25:40 PM : Inserting entity with GID (0000000200000005).
7/19/2025 1:25:40 PM : Inserting entity with GID (0000000200000006).
7/19/2025 1:25:40 PM : Inserting entity with GID (0000000100000005).
7/19/2025 1:25:40 PM : Inserting entity with GID (0000000100000006).
7/19/2025 1:25:40 PM : Inserting entity with GID (0000000100000007).
7/19/2025 1:25:40 PM : Inserting entity with GID (0000000600000007).
7/19/2025 1:25:40 PM : Inserting entity with GID (0000000600000008).
7/19/2025 1:25:40 PM : Inserting entity with GID (0000000600000009).
7/19/2025 1:25:40 PM : Inserting entity with GID (0000000500000005).
7/19/2025 1:25:40 PM : Inserting entity with GID (0000000500000006).
7/19/2025 1:25:40 PM : Inserting entity with GID (0000000400000005).
7/19/2025 1:25:40 PM : Inserting entity with GID (0000000400000006).
7/19/2025 1:25:40 PM : Inserting entity with GID (0000000300000007).
7/19/2025 1:25:40 PM : Inserting entity with GID (0000000300000008).
7/19/2025 1:25:40 PM : Inserting entity with GID (0000000300000009).
7/19/2025 1:25:40 PM : Inserting entity with GID (0000000200000007).
7/19/2025 1:25:40 PM : Inserting entity with GID (0000000200000008).
7/19/2025 1:25:40 PM : Inserting entity with GID (0000000200000009).
7/19/2025 1:25:40 PM : Inserting entity with GID (0000000100000008).
7/19/2025 1:25:40 PM : Inserting entity with GID (0000000100000009).
7/19/2025 1:25:40 PM : Inserting entity with GID (000000010000000a).
7/19/2025 1:25:41 PM : The WCF service GenericDataAccess is ready.
7/19/2025 1:25:41 PM : Endpoints:
7/19/2025 1:25:41 PM : net.tcp://localhost:10000/NetworkModelService/GDA/
7/19/2025 1:25:41 PM : Connection string: ../NetworkModelData.data
7/19/2025 1:25:41 PM : Trace level: Info
7/19/2025 1:25:41 PM : The Network Model Service is started.
7/19/2025 1:25:41 PM : Press <Enter> to stop the service.
7/19/2025 1:26:03 PM : Applying  delta to network model.
7/19/2025 1:26:03 PM : Inserting entity with GID (000000060000000a).
7/19/2025 1:26:03 PM : Inserting entity with GID (000000060000000b).
7/19/2025 1:26:03 PM : Inserting entity with GID (000000060000000c).
7/19/2025 1:26:03 PM : Inserting entity with GID (0000000500000007).
7/19/2025 1:26:03 PM : Inserting entity with GID (0000000500000008).
7/19/2025 1:26:03 PM : Inserting entity with GID (0000000400000007).
7/19/2025 1:26:03 PM : Inserting entity with GID (0000000400000008).
7/19/2025 1:26:03 PM : Inserting entity with GID (000000030000000a).
7/19/2025 1:26:03 PM : Inserting entity with GID (000000030000000b).
7/19/2025 1:26:03 PM : Inserting entity with GID (000000030000000c).
7/19/2025 1:26:03 PM : Inserting entity with GID (000000020000000a).
7/19/2025 1:26:03 PM : Inserting entity with GID (000000020000000b).
7/19/2025 1:26:03 PM : Inserting entity with GID (000000020000000c).
7/19/2025 1:26:03 PM : Inserting entity with GID (000000010000000b).
7/19/2025 1:26:03 PM : Inserting entity with GID (000000010000000c).
7/19/2025 1:26:03 PM : Inserting entity with GID (000000010000000d).
7/19/2025 1:26:03 PM : Applying delta to network model successfully finished.
7/19/2025 1:26:37 PM : Failed to set value for property (PERLENGTHIMPEDANCE_ACLINESEGMENT) because specified vector value is not compatible with property type (Reference).
7/19/2025 1:26:37 PM : Collecting ResourceDescriptions failed. Exception: Failed to get values for entity with GID = 0x0000000500000001. Failed to set value for property (PERLENGTHIMPEDANCE_ACLINESEGMENT) because specified vector value is not compatible with property type (Reference).
7/19/2025 1:26:37 PM : Failed to get next set of ResourceDescription iterators. Failed to get values for entity with GID = 0x0000000500000001. Failed to set value for property (PERLENGTHIMPEDANCE_ACLINESEGMENT) because specified vector value is not compatible with property type (Reference).
7/19/2025 1:26:37 PM : IteratorNext failed. Iterator ID = 5. Resources to fetch count = 1000. Failed to get next set of ResourceDescription iterators. Failed to get values for entity with GID = 0x0000000500000001. Failed to set value for property (PERLENGTHIMPEDANCE_ACLINESEGMENT) because specified vector value is not compatible with property type (Reference). 
7/19/2025 2:04:02 PM : Starting Network Model Service...
7/19/2025 2:04:03 PM : Inserting entity with GID (0000000100000001).
7/19/2025 2:04:05 PM : Failed to insert entity (GID = 0x0000000100000001) into model. Index (zero based) must be greater than or equal to zero and less than the size of the argument list.
7/19/2025 2:04:05 PM : Error while applying delta (id = 1) during service initialization. Failed to insert entity (GID = 0x0000000100000001) into model. Index (zero based) must be greater than or equal to zero and less than the size of the argument list.
7/19/2025 2:04:05 PM : Inserting entity with GID (0000000600000001).
7/19/2025 2:04:05 PM : Inserting entity with GID (0000000600000002).
7/19/2025 2:04:05 PM : Inserting entity with GID (0000000600000003).
7/19/2025 2:04:05 PM : Inserting entity with GID (0000000500000001).
7/19/2025 2:04:05 PM : Inserting entity with GID (0000000500000002).
7/19/2025 2:04:05 PM : Inserting entity with GID (0000000400000001).
7/19/2025 2:04:05 PM : Inserting entity with GID (0000000400000002).
7/19/2025 2:04:05 PM : Inserting entity with GID (0000000300000001).
7/19/2025 2:04:05 PM : Inserting entity with GID (0000000300000002).
7/19/2025 2:04:05 PM : Inserting entity with GID (0000000300000003).
7/19/2025 2:04:05 PM : Inserting entity with GID (0000000200000001).
7/19/2025 2:04:05 PM : Inserting entity with GID (0000000200000002).
7/19/2025 2:04:05 PM : Inserting entity with GID (0000000200000003).
7/19/2025 2:04:05 PM : Inserting entity with GID (0000000100000002).
7/19/2025 2:04:05 PM : Inserting entity with GID (0000000100000003).
7/19/2025 2:04:05 PM : Inserting entity with GID (0000000100000004).
7/19/2025 2:04:05 PM : Inserting entity with GID (0000000600000004).
7/19/2025 2:04:05 PM : Inserting entity with GID (0000000600000005).
7/19/2025 2:04:05 PM : Inserting entity with GID (0000000600000006).
7/19/2025 2:04:05 PM : Inserting entity with GID (0000000500000003).
7/19/2025 2:04:05 PM : Inserting entity with GID (0000000500000004).
7/19/2025 2:04:05 PM : Inserting entity with GID (0000000400000003).
7/19/2025 2:04:05 PM : Inserting entity with GID (0000000400000004).
7/19/2025 2:04:05 PM : Inserting entity with GID (0000000300000004).
7/19/2025 2:04:05 PM : Inserting entity with GID (0000000300000005).
7/19/2025 2:04:05 PM : Inserting entity with GID (0000000300000006).
7/19/2025 2:04:05 PM : Inserting entity with GID (0000000200000004).
7/19/2025 2:04:05 PM : Inserting entity with GID (0000000200000005).
7/19/2025 2:04:05 PM : Inserting entity with GID (0000000200000006).
7/19/2025 2:04:05 PM : Inserting entity with GID (0000000100000005).
7/19/2025 2:04:05 PM : Inserting entity with GID (0000000100000006).
7/19/2025 2:04:05 PM : Inserting entity with GID (0000000100000007).
7/19/2025 2:04:05 PM : Inserting entity with GID (0000000600000007).
7/19/2025 2:04:05 PM : Inserting entity with GID (0000000600000008).
7/19/2025 2:04:05 PM : Inserting entity with GID (0000000600000009).
7/19/2025 2:04:05 PM : Inserting entity with GID (0000000500000005).
7/19/2025 2:04:05 PM : Inserting entity with GID (0000000500000006).
7/19/2025 2:04:05 PM : Inserting entity with GID (0000000400000005).
7/19/2025 2:04:05 PM : Inserting entity with GID (0000000400000006).
7/19/2025 2:04:05 PM : Inserting entity with GID (0000000300000007).
7/19/2025 2:04:05 PM : Inserting entity with GID (0000000300000008).
7/19/2025 2:04:05 PM : Inserting entity with GID (0000000300000009).
7/19/2025 2:04:05 PM : Inserting entity with GID (0000000200000007).
7/19/2025 2:04:05 PM : Inserting entity with GID (0000000200000008).
7/19/2025 2:04:05 PM : Inserting entity with GID (0000000200000009).
7/19/2025 2:04:05 PM : Inserting entity with GID (0000000100000008).
7/19/2025 2:04:05 PM : Inserting entity with GID (0000000100000009).
7/19/2025 2:04:05 PM : Inserting entity with GID (000000010000000a).
7/19/2025 2:04:05 PM : Inserting entity with GID (000000060000000a).
7/19/2025 2:04:05 PM : Inserting entity with GID (000000060000000b).
7/19/2025 2:04:05 PM : Inserting entity with GID (000000060000000c).
7/19/2025 2:04:05 PM : Inserting entity with GID (0000000500000007).
7/19/2025 2:04:05 PM : Inserting entity with GID (0000000500000008).
7/19/2025 2:04:05 PM : Inserting entity with GID (0000000400000007).
7/19/2025 2:04:05 PM : Inserting entity with GID (0000000400000008).
7/19/2025 2:04:05 PM : Inserting entity with GID (000000030000000a).
7/19/2025 2:04:05 PM : Inserting entity with GID (000000030000000b).
7/19/2025 2:04:05 PM : Inserting entity with GID (000000030000000c).
7/19/2025 2:04:05 PM : Inserting entity with GID (000000020000000a).
7/19/2025 2:04:05 PM : Inserting entity with GID (000000020000000b).
7/19/2025 2:04:05 PM : Inserting entity with GID (000000020000000c).
7/19/2025 2:04:05 PM : Inserting entity with GID (000000010000000b).
7/19/2025 2:04:05 PM : Inserting entity with GID (000000010000000c).
7/19/2025 2:04:05 PM : Inserting entity with GID (000000010000000d).
7/19/2025 2:04:07 PM : The WCF service GenericDataAccess is ready.
7/19/2025 2:04:07 PM : Endpoints:
7/19/2025 2:04:07 PM : net.tcp://localhost:10000/NetworkModelService/GDA/
7/19/2025 2:04:07 PM : Connection string: ../NetworkModelData.data
7/19/2025 2:04:07 PM : Trace level: Info
7/19/2025 2:04:07 PM : The Network Model Service is started.
7/19/2025 2:04:07 PM : Press <Enter> to stop the service.
7/19/2025 2:04:43 PM : Applying  delta to network model.
7/19/2025 2:04:43 PM : Inserting entity with GID (000000060000000d).
7/19/2025 2:04:43 PM : Inserting entity with GID (000000060000000e).
7/19/2025 2:04:43 PM : Inserting entity with GID (000000060000000f).
7/19/2025 2:04:43 PM : Inserting entity with GID (0000000500000009).
7/19/2025 2:04:43 PM : Inserting entity with GID (000000050000000a).
7/19/2025 2:04:43 PM : Inserting entity with GID (0000000400000009).
7/19/2025 2:04:43 PM : Inserting entity with GID (000000040000000a).
7/19/2025 2:04:43 PM : Inserting entity with GID (000000030000000d).
7/19/2025 2:04:43 PM : Inserting entity with GID (000000030000000e).
7/19/2025 2:04:43 PM : Inserting entity with GID (000000030000000f).
7/19/2025 2:04:43 PM : Inserting entity with GID (000000020000000d).
7/19/2025 2:04:43 PM : Inserting entity with GID (000000020000000e).
7/19/2025 2:04:43 PM : Inserting entity with GID (000000020000000f).
7/19/2025 2:04:43 PM : Inserting entity with GID (000000010000000e).
7/19/2025 2:04:43 PM : Inserting entity with GID (000000010000000f).
7/19/2025 2:04:43 PM : Inserting entity with GID (0000000100000010).
7/19/2025 2:04:43 PM : Applying delta to network model successfully finished.
7/19/2025 2:05:09 PM : Failed to set value for property (CONNECTIVITYNODE_TERMINAL) because specified vector value is not compatible with property type (Reference).
7/19/2025 2:05:09 PM : Collecting ResourceDescriptions failed. Exception: Failed to get values for entity with GID = 0x0000000600000001. Failed to set value for property (CONNECTIVITYNODE_TERMINAL) because specified vector value is not compatible with property type (Reference).
7/19/2025 2:05:09 PM : Failed to get next set of ResourceDescription iterators. Failed to get values for entity with GID = 0x0000000600000001. Failed to set value for property (CONNECTIVITYNODE_TERMINAL) because specified vector value is not compatible with property type (Reference).
7/19/2025 2:05:09 PM : IteratorNext failed. Iterator ID = 6. Resources to fetch count = 1000. Failed to get next set of ResourceDescription iterators. Failed to get values for entity with GID = 0x0000000600000001. Failed to set value for property (CONNECTIVITYNODE_TERMINAL) because specified vector value is not compatible with property type (Reference). 
7/19/2025 2:08:29 PM : Starting Network Model Service...
7/19/2025 2:08:29 PM : Inserting entity with GID (0000000100000001).
7/19/2025 2:08:29 PM : Failed to insert entity (GID = 0x0000000100000001) into model. Index (zero based) must be greater than or equal to zero and less than the size of the argument list.
7/19/2025 2:08:29 PM : Error while applying delta (id = 1) during service initialization. Failed to insert entity (GID = 0x0000000100000001) into model. Index (zero based) must be greater than or equal to zero and less than the size of the argument list.
7/19/2025 2:08:29 PM : Inserting entity with GID (0000000600000001).
7/19/2025 2:08:29 PM : Inserting entity with GID (0000000600000002).
7/19/2025 2:08:29 PM : Inserting entity with GID (0000000600000003).
7/19/2025 2:08:29 PM : Inserting entity with GID (0000000500000001).
7/19/2025 2:08:29 PM : Inserting entity with GID (0000000500000002).
7/19/2025 2:08:29 PM : Inserting entity with GID (0000000400000001).
7/19/2025 2:08:29 PM : Inserting entity with GID (0000000400000002).
7/19/2025 2:08:29 PM : Inserting entity with GID (0000000300000001).
7/19/2025 2:08:29 PM : Inserting entity with GID (0000000300000002).
7/19/2025 2:08:29 PM : Inserting entity with GID (0000000300000003).
7/19/2025 2:08:29 PM : Inserting entity with GID (0000000200000001).
7/19/2025 2:08:29 PM : Inserting entity with GID (0000000200000002).
7/19/2025 2:08:29 PM : Inserting entity with GID (0000000200000003).
7/19/2025 2:08:29 PM : Inserting entity with GID (0000000100000002).
7/19/2025 2:08:29 PM : Inserting entity with GID (0000000100000003).
7/19/2025 2:08:29 PM : Inserting entity with GID (0000000100000004).
7/19/2025 2:08:29 PM : Inserting entity with GID (0000000600000004).
7/19/2025 2:08:29 PM : Inserting entity with GID (0000000600000005).
7/19/2025 2:08:29 PM : Inserting entity with GID (0000000600000006).
7/19/2025 2:08:29 PM : Inserting entity with GID (0000000500000003).
7/19/2025 2:08:29 PM : Inserting entity with GID (0000000500000004).
7/19/2025 2:08:29 PM : Inserting entity with GID (0000000400000003).
7/19/2025 2:08:29 PM : Inserting entity with GID (0000000400000004).
7/19/2025 2:08:29 PM : Inserting entity with GID (0000000300000004).
7/19/2025 2:08:29 PM : Inserting entity with GID (0000000300000005).
7/19/2025 2:08:29 PM : Inserting entity with GID (0000000300000006).
7/19/2025 2:08:29 PM : Inserting entity with GID (0000000200000004).
7/19/2025 2:08:29 PM : Inserting entity with GID (0000000200000005).
7/19/2025 2:08:29 PM : Inserting entity with GID (0000000200000006).
7/19/2025 2:08:29 PM : Inserting entity with GID (0000000100000005).
7/19/2025 2:08:29 PM : Inserting entity with GID (0000000100000006).
7/19/2025 2:08:29 PM : Inserting entity with GID (0000000100000007).
7/19/2025 2:08:29 PM : Inserting entity with GID (0000000600000007).
7/19/2025 2:08:29 PM : Inserting entity with GID (0000000600000008).
7/19/2025 2:08:29 PM : Inserting entity with GID (0000000600000009).
7/19/2025 2:08:29 PM : Inserting entity with GID (0000000500000005).
7/19/2025 2:08:29 PM : Inserting entity with GID (0000000500000006).
7/19/2025 2:08:29 PM : Inserting entity with GID (0000000400000005).
7/19/2025 2:08:29 PM : Inserting entity with GID (0000000400000006).
7/19/2025 2:08:29 PM : Inserting entity with GID (0000000300000007).
7/19/2025 2:08:29 PM : Inserting entity with GID (0000000300000008).
7/19/2025 2:08:29 PM : Inserting entity with GID (0000000300000009).
7/19/2025 2:08:29 PM : Inserting entity with GID (0000000200000007).
7/19/2025 2:08:29 PM : Inserting entity with GID (0000000200000008).
7/19/2025 2:08:29 PM : Inserting entity with GID (0000000200000009).
7/19/2025 2:08:29 PM : Inserting entity with GID (0000000100000008).
7/19/2025 2:08:29 PM : Inserting entity with GID (0000000100000009).
7/19/2025 2:08:29 PM : Inserting entity with GID (000000010000000a).
7/19/2025 2:08:29 PM : Inserting entity with GID (000000060000000a).
7/19/2025 2:08:29 PM : Inserting entity with GID (000000060000000b).
7/19/2025 2:08:29 PM : Inserting entity with GID (000000060000000c).
7/19/2025 2:08:29 PM : Inserting entity with GID (0000000500000007).
7/19/2025 2:08:29 PM : Inserting entity with GID (0000000500000008).
7/19/2025 2:08:29 PM : Inserting entity with GID (0000000400000007).
7/19/2025 2:08:29 PM : Inserting entity with GID (0000000400000008).
7/19/2025 2:08:29 PM : Inserting entity with GID (000000030000000a).
7/19/2025 2:08:29 PM : Inserting entity with GID (000000030000000b).
7/19/2025 2:08:29 PM : Inserting entity with GID (000000030000000c).
7/19/2025 2:08:29 PM : Inserting entity with GID (000000020000000a).
7/19/2025 2:08:29 PM : Inserting entity with GID (000000020000000b).
7/19/2025 2:08:29 PM : Inserting entity with GID (000000020000000c).
7/19/2025 2:08:29 PM : Inserting entity with GID (000000010000000b).
7/19/2025 2:08:29 PM : Inserting entity with GID (000000010000000c).
7/19/2025 2:08:29 PM : Inserting entity with GID (000000010000000d).
7/19/2025 2:08:29 PM : Inserting entity with GID (000000060000000d).
7/19/2025 2:08:29 PM : Inserting entity with GID (000000060000000e).
7/19/2025 2:08:29 PM : Inserting entity with GID (000000060000000f).
7/19/2025 2:08:29 PM : Inserting entity with GID (0000000500000009).
7/19/2025 2:08:29 PM : Inserting entity with GID (000000050000000a).
7/19/2025 2:08:29 PM : Inserting entity with GID (0000000400000009).
7/19/2025 2:08:29 PM : Inserting entity with GID (000000040000000a).
7/19/2025 2:08:29 PM : Inserting entity with GID (000000030000000d).
7/19/2025 2:08:29 PM : Inserting entity with GID (000000030000000e).
7/19/2025 2:08:29 PM : Inserting entity with GID (000000030000000f).
7/19/2025 2:08:29 PM : Inserting entity with GID (000000020000000d).
7/19/2025 2:08:29 PM : Inserting entity with GID (000000020000000e).
7/19/2025 2:08:29 PM : Inserting entity with GID (000000020000000f).
7/19/2025 2:08:29 PM : Inserting entity with GID (000000010000000e).
7/19/2025 2:08:29 PM : Inserting entity with GID (000000010000000f).
7/19/2025 2:08:29 PM : Inserting entity with GID (0000000100000010).
7/19/2025 2:08:31 PM : The WCF service GenericDataAccess is ready.
7/19/2025 2:08:31 PM : Endpoints:
7/19/2025 2:08:31 PM : net.tcp://localhost:10000/NetworkModelService/GDA/
7/19/2025 2:08:31 PM : Connection string: ../NetworkModelData.data
7/19/2025 2:08:31 PM : Trace level: Info
7/19/2025 2:08:31 PM : The Network Model Service is started.
7/19/2025 2:08:31 PM : Press <Enter> to stop the service.
7/19/2025 2:08:49 PM : Applying  delta to network model.
7/19/2025 2:08:49 PM : Inserting entity with GID (0000000600000010).
7/19/2025 2:08:49 PM : Inserting entity with GID (0000000600000011).
7/19/2025 2:08:49 PM : Inserting entity with GID (0000000600000012).
7/19/2025 2:08:49 PM : Inserting entity with GID (000000050000000b).
7/19/2025 2:08:49 PM : Inserting entity with GID (000000050000000c).
7/19/2025 2:08:49 PM : Inserting entity with GID (000000040000000b).
7/19/2025 2:08:49 PM : Inserting entity with GID (000000040000000c).
7/19/2025 2:08:49 PM : Inserting entity with GID (0000000300000010).
7/19/2025 2:08:49 PM : Inserting entity with GID (0000000300000011).
7/19/2025 2:08:49 PM : Inserting entity with GID (0000000300000012).
7/19/2025 2:08:49 PM : Inserting entity with GID (0000000200000010).
7/19/2025 2:08:49 PM : Inserting entity with GID (0000000200000011).
7/19/2025 2:08:49 PM : Inserting entity with GID (0000000200000012).
7/19/2025 2:08:49 PM : Inserting entity with GID (0000000100000011).
7/19/2025 2:08:49 PM : Inserting entity with GID (0000000100000012).
7/19/2025 2:08:49 PM : Inserting entity with GID (0000000100000013).
7/19/2025 2:08:49 PM : Applying delta to network model successfully finished.
7/19/2025 2:18:49 PM : Starting Network Model Service...
7/19/2025 2:18:49 PM : Inserting entity with GID (0000000100000001).
7/19/2025 2:18:49 PM : Failed to insert entity (GID = 0x0000000100000001) into model. Index (zero based) must be greater than or equal to zero and less than the size of the argument list.
7/19/2025 2:18:49 PM : Error while applying delta (id = 1) during service initialization. Failed to insert entity (GID = 0x0000000100000001) into model. Index (zero based) must be greater than or equal to zero and less than the size of the argument list.
7/19/2025 2:18:49 PM : Inserting entity with GID (0000000600000001).
7/19/2025 2:18:49 PM : Inserting entity with GID (0000000600000002).
7/19/2025 2:18:49 PM : Inserting entity with GID (0000000600000003).
7/19/2025 2:18:49 PM : Inserting entity with GID (0000000500000001).
7/19/2025 2:18:49 PM : Inserting entity with GID (0000000500000002).
7/19/2025 2:18:49 PM : Inserting entity with GID (0000000400000001).
7/19/2025 2:18:49 PM : Inserting entity with GID (0000000400000002).
7/19/2025 2:18:49 PM : Inserting entity with GID (0000000300000001).
7/19/2025 2:18:49 PM : Inserting entity with GID (0000000300000002).
7/19/2025 2:18:49 PM : Inserting entity with GID (0000000300000003).
7/19/2025 2:18:49 PM : Inserting entity with GID (0000000200000001).
7/19/2025 2:18:49 PM : Inserting entity with GID (0000000200000002).
7/19/2025 2:18:49 PM : Inserting entity with GID (0000000200000003).
7/19/2025 2:18:49 PM : Inserting entity with GID (0000000100000002).
7/19/2025 2:18:49 PM : Inserting entity with GID (0000000100000003).
7/19/2025 2:18:49 PM : Inserting entity with GID (0000000100000004).
7/19/2025 2:18:49 PM : Inserting entity with GID (0000000600000004).
7/19/2025 2:18:49 PM : Inserting entity with GID (0000000600000005).
7/19/2025 2:18:49 PM : Inserting entity with GID (0000000600000006).
7/19/2025 2:18:49 PM : Inserting entity with GID (0000000500000003).
7/19/2025 2:18:49 PM : Inserting entity with GID (0000000500000004).
7/19/2025 2:18:49 PM : Inserting entity with GID (0000000400000003).
7/19/2025 2:18:49 PM : Inserting entity with GID (0000000400000004).
7/19/2025 2:18:49 PM : Inserting entity with GID (0000000300000004).
7/19/2025 2:18:49 PM : Inserting entity with GID (0000000300000005).
7/19/2025 2:18:49 PM : Inserting entity with GID (0000000300000006).
7/19/2025 2:18:49 PM : Inserting entity with GID (0000000200000004).
7/19/2025 2:18:49 PM : Inserting entity with GID (0000000200000005).
7/19/2025 2:18:49 PM : Inserting entity with GID (0000000200000006).
7/19/2025 2:18:49 PM : Inserting entity with GID (0000000100000005).
7/19/2025 2:18:49 PM : Inserting entity with GID (0000000100000006).
7/19/2025 2:18:49 PM : Inserting entity with GID (0000000100000007).
7/19/2025 2:18:49 PM : Inserting entity with GID (0000000600000007).
7/19/2025 2:18:49 PM : Inserting entity with GID (0000000600000008).
7/19/2025 2:18:49 PM : Inserting entity with GID (0000000600000009).
7/19/2025 2:18:49 PM : Inserting entity with GID (0000000500000005).
7/19/2025 2:18:49 PM : Inserting entity with GID (0000000500000006).
7/19/2025 2:18:49 PM : Inserting entity with GID (0000000400000005).
7/19/2025 2:18:49 PM : Inserting entity with GID (0000000400000006).
7/19/2025 2:18:49 PM : Inserting entity with GID (0000000300000007).
7/19/2025 2:18:49 PM : Inserting entity with GID (0000000300000008).
7/19/2025 2:18:49 PM : Inserting entity with GID (0000000300000009).
7/19/2025 2:18:49 PM : Inserting entity with GID (0000000200000007).
7/19/2025 2:18:49 PM : Inserting entity with GID (0000000200000008).
7/19/2025 2:18:49 PM : Inserting entity with GID (0000000200000009).
7/19/2025 2:18:49 PM : Inserting entity with GID (0000000100000008).
7/19/2025 2:18:49 PM : Inserting entity with GID (0000000100000009).
7/19/2025 2:18:49 PM : Inserting entity with GID (000000010000000a).
7/19/2025 2:18:49 PM : Inserting entity with GID (000000060000000a).
7/19/2025 2:18:49 PM : Inserting entity with GID (000000060000000b).
7/19/2025 2:18:49 PM : Inserting entity with GID (000000060000000c).
7/19/2025 2:18:49 PM : Inserting entity with GID (0000000500000007).
7/19/2025 2:18:49 PM : Inserting entity with GID (0000000500000008).
7/19/2025 2:18:49 PM : Inserting entity with GID (0000000400000007).
7/19/2025 2:18:49 PM : Inserting entity with GID (0000000400000008).
7/19/2025 2:18:49 PM : Inserting entity with GID (000000030000000a).
7/19/2025 2:18:49 PM : Inserting entity with GID (000000030000000b).
7/19/2025 2:18:49 PM : Inserting entity with GID (000000030000000c).
7/19/2025 2:18:49 PM : Inserting entity with GID (000000020000000a).
7/19/2025 2:18:49 PM : Inserting entity with GID (000000020000000b).
7/19/2025 2:18:49 PM : Inserting entity with GID (000000020000000c).
7/19/2025 2:18:49 PM : Inserting entity with GID (000000010000000b).
7/19/2025 2:18:49 PM : Inserting entity with GID (000000010000000c).
7/19/2025 2:18:49 PM : Inserting entity with GID (000000010000000d).
7/19/2025 2:18:49 PM : Inserting entity with GID (000000060000000d).
7/19/2025 2:18:49 PM : Inserting entity with GID (000000060000000e).
7/19/2025 2:18:49 PM : Inserting entity with GID (000000060000000f).
7/19/2025 2:18:49 PM : Inserting entity with GID (0000000500000009).
7/19/2025 2:18:49 PM : Inserting entity with GID (000000050000000a).
7/19/2025 2:18:49 PM : Inserting entity with GID (0000000400000009).
7/19/2025 2:18:49 PM : Inserting entity with GID (000000040000000a).
7/19/2025 2:18:49 PM : Inserting entity with GID (000000030000000d).
7/19/2025 2:18:49 PM : Inserting entity with GID (000000030000000e).
7/19/2025 2:18:49 PM : Inserting entity with GID (000000030000000f).
7/19/2025 2:18:49 PM : Inserting entity with GID (000000020000000d).
7/19/2025 2:18:49 PM : Inserting entity with GID (000000020000000e).
7/19/2025 2:18:49 PM : Inserting entity with GID (000000020000000f).
7/19/2025 2:18:49 PM : Inserting entity with GID (000000010000000e).
7/19/2025 2:18:49 PM : Inserting entity with GID (000000010000000f).
7/19/2025 2:18:49 PM : Inserting entity with GID (0000000100000010).
7/19/2025 2:18:49 PM : Inserting entity with GID (0000000600000010).
7/19/2025 2:18:49 PM : Inserting entity with GID (0000000600000011).
7/19/2025 2:18:49 PM : Inserting entity with GID (0000000600000012).
7/19/2025 2:18:49 PM : Inserting entity with GID (000000050000000b).
7/19/2025 2:18:49 PM : Inserting entity with GID (000000050000000c).
7/19/2025 2:18:49 PM : Inserting entity with GID (000000040000000b).
7/19/2025 2:18:49 PM : Inserting entity with GID (000000040000000c).
7/19/2025 2:18:49 PM : Inserting entity with GID (0000000300000010).
7/19/2025 2:18:49 PM : Inserting entity with GID (0000000300000011).
7/19/2025 2:18:49 PM : Inserting entity with GID (0000000300000012).
7/19/2025 2:18:49 PM : Inserting entity with GID (0000000200000010).
7/19/2025 2:18:49 PM : Inserting entity with GID (0000000200000011).
7/19/2025 2:18:49 PM : Inserting entity with GID (0000000200000012).
7/19/2025 2:18:49 PM : Inserting entity with GID (0000000100000011).
7/19/2025 2:18:49 PM : Inserting entity with GID (0000000100000012).
7/19/2025 2:18:49 PM : Inserting entity with GID (0000000100000013).
7/19/2025 2:18:50 PM : The WCF service GenericDataAccess is ready.
7/19/2025 2:18:50 PM : Endpoints:
7/19/2025 2:18:50 PM : net.tcp://localhost:10000/NetworkModelService/GDA/
7/19/2025 2:18:50 PM : Connection string: ../NetworkModelData.data
7/19/2025 2:18:50 PM : Trace level: Info
7/19/2025 2:18:50 PM : The Network Model Service is started.
7/19/2025 2:18:50 PM : Press <Enter> to stop the service.
7/19/2025 2:19:04 PM : Applying  delta to network model.
7/19/2025 2:19:04 PM : Inserting entity with GID (0000000600000013).
7/19/2025 2:19:04 PM : Inserting entity with GID (0000000600000014).
7/19/2025 2:19:04 PM : Inserting entity with GID (0000000600000015).
7/19/2025 2:19:04 PM : Inserting entity with GID (000000050000000d).
7/19/2025 2:19:04 PM : Inserting entity with GID (000000050000000e).
7/19/2025 2:19:04 PM : Inserting entity with GID (000000040000000d).
7/19/2025 2:19:04 PM : Inserting entity with GID (000000040000000e).
7/19/2025 2:19:04 PM : Inserting entity with GID (0000000300000013).
7/19/2025 2:19:04 PM : Inserting entity with GID (0000000300000014).
7/19/2025 2:19:04 PM : Inserting entity with GID (0000000300000015).
7/19/2025 2:19:04 PM : Inserting entity with GID (0000000200000013).
7/19/2025 2:19:04 PM : Inserting entity with GID (0000000200000014).
7/19/2025 2:19:04 PM : Inserting entity with GID (0000000200000015).
7/19/2025 2:19:04 PM : Inserting entity with GID (0000000100000014).
7/19/2025 2:19:04 PM : Inserting entity with GID (0000000100000015).
7/19/2025 2:19:04 PM : Inserting entity with GID (0000000100000016).
7/19/2025 2:19:04 PM : Applying delta to network model successfully finished.
7/19/2025 2:26:50 PM : Starting Network Model Service...
7/19/2025 2:26:50 PM : Inserting entity with GID (0000000100000001).
7/19/2025 2:26:50 PM : Failed to insert entity (GID = 0x0000000100000001) into model. Index (zero based) must be greater than or equal to zero and less than the size of the argument list.
7/19/2025 2:26:50 PM : Error while applying delta (id = 1) during service initialization. Failed to insert entity (GID = 0x0000000100000001) into model. Index (zero based) must be greater than or equal to zero and less than the size of the argument list.
7/19/2025 2:26:50 PM : Inserting entity with GID (0000000600000001).
7/19/2025 2:26:50 PM : Inserting entity with GID (0000000600000002).
7/19/2025 2:26:50 PM : Inserting entity with GID (0000000600000003).
7/19/2025 2:26:50 PM : Inserting entity with GID (0000000500000001).
7/19/2025 2:26:50 PM : Inserting entity with GID (0000000500000002).
7/19/2025 2:26:50 PM : Inserting entity with GID (0000000400000001).
7/19/2025 2:26:50 PM : Inserting entity with GID (0000000400000002).
7/19/2025 2:26:50 PM : Inserting entity with GID (0000000300000001).
7/19/2025 2:26:50 PM : Inserting entity with GID (0000000300000002).
7/19/2025 2:26:50 PM : Inserting entity with GID (0000000300000003).
7/19/2025 2:26:50 PM : Inserting entity with GID (0000000200000001).
7/19/2025 2:26:50 PM : Inserting entity with GID (0000000200000002).
7/19/2025 2:26:50 PM : Inserting entity with GID (0000000200000003).
7/19/2025 2:26:50 PM : Inserting entity with GID (0000000100000002).
7/19/2025 2:26:50 PM : Inserting entity with GID (0000000100000003).
7/19/2025 2:26:50 PM : Inserting entity with GID (0000000100000004).
7/19/2025 2:26:50 PM : Inserting entity with GID (0000000600000004).
7/19/2025 2:26:50 PM : Inserting entity with GID (0000000600000005).
7/19/2025 2:26:50 PM : Inserting entity with GID (0000000600000006).
7/19/2025 2:26:50 PM : Inserting entity with GID (0000000500000003).
7/19/2025 2:26:50 PM : Inserting entity with GID (0000000500000004).
7/19/2025 2:26:50 PM : Inserting entity with GID (0000000400000003).
7/19/2025 2:26:50 PM : Inserting entity with GID (0000000400000004).
7/19/2025 2:26:50 PM : Inserting entity with GID (0000000300000004).
7/19/2025 2:26:50 PM : Inserting entity with GID (0000000300000005).
7/19/2025 2:26:50 PM : Inserting entity with GID (0000000300000006).
7/19/2025 2:26:50 PM : Inserting entity with GID (0000000200000004).
7/19/2025 2:26:50 PM : Inserting entity with GID (0000000200000005).
7/19/2025 2:26:50 PM : Inserting entity with GID (0000000200000006).
7/19/2025 2:26:50 PM : Inserting entity with GID (0000000100000005).
7/19/2025 2:26:50 PM : Inserting entity with GID (0000000100000006).
7/19/2025 2:26:50 PM : Inserting entity with GID (0000000100000007).
7/19/2025 2:26:50 PM : Inserting entity with GID (0000000600000007).
7/19/2025 2:26:50 PM : Inserting entity with GID (0000000600000008).
7/19/2025 2:26:50 PM : Inserting entity with GID (0000000600000009).
7/19/2025 2:26:50 PM : Inserting entity with GID (0000000500000005).
7/19/2025 2:26:50 PM : Inserting entity with GID (0000000500000006).
7/19/2025 2:26:50 PM : Inserting entity with GID (0000000400000005).
7/19/2025 2:26:50 PM : Inserting entity with GID (0000000400000006).
7/19/2025 2:26:50 PM : Inserting entity with GID (0000000300000007).
7/19/2025 2:26:50 PM : Inserting entity with GID (0000000300000008).
7/19/2025 2:26:50 PM : Inserting entity with GID (0000000300000009).
7/19/2025 2:26:50 PM : Inserting entity with GID (0000000200000007).
7/19/2025 2:26:50 PM : Inserting entity with GID (0000000200000008).
7/19/2025 2:26:50 PM : Inserting entity with GID (0000000200000009).
7/19/2025 2:26:50 PM : Inserting entity with GID (0000000100000008).
7/19/2025 2:26:50 PM : Inserting entity with GID (0000000100000009).
7/19/2025 2:26:50 PM : Inserting entity with GID (000000010000000a).
7/19/2025 2:26:50 PM : Inserting entity with GID (000000060000000a).
7/19/2025 2:26:50 PM : Inserting entity with GID (000000060000000b).
7/19/2025 2:26:50 PM : Inserting entity with GID (000000060000000c).
7/19/2025 2:26:50 PM : Inserting entity with GID (0000000500000007).
7/19/2025 2:26:50 PM : Inserting entity with GID (0000000500000008).
7/19/2025 2:26:50 PM : Inserting entity with GID (0000000400000007).
7/19/2025 2:26:50 PM : Inserting entity with GID (0000000400000008).
7/19/2025 2:26:50 PM : Inserting entity with GID (000000030000000a).
7/19/2025 2:26:50 PM : Inserting entity with GID (000000030000000b).
7/19/2025 2:26:50 PM : Inserting entity with GID (000000030000000c).
7/19/2025 2:26:50 PM : Inserting entity with GID (000000020000000a).
7/19/2025 2:26:50 PM : Inserting entity with GID (000000020000000b).
7/19/2025 2:26:50 PM : Inserting entity with GID (000000020000000c).
7/19/2025 2:26:50 PM : Inserting entity with GID (000000010000000b).
7/19/2025 2:26:50 PM : Inserting entity with GID (000000010000000c).
7/19/2025 2:26:50 PM : Inserting entity with GID (000000010000000d).
7/19/2025 2:26:50 PM : Inserting entity with GID (000000060000000d).
7/19/2025 2:26:50 PM : Inserting entity with GID (000000060000000e).
7/19/2025 2:26:50 PM : Inserting entity with GID (000000060000000f).
7/19/2025 2:26:50 PM : Inserting entity with GID (0000000500000009).
7/19/2025 2:26:50 PM : Inserting entity with GID (000000050000000a).
7/19/2025 2:26:50 PM : Inserting entity with GID (0000000400000009).
7/19/2025 2:26:50 PM : Inserting entity with GID (000000040000000a).
7/19/2025 2:26:50 PM : Inserting entity with GID (000000030000000d).
7/19/2025 2:26:50 PM : Inserting entity with GID (000000030000000e).
7/19/2025 2:26:50 PM : Inserting entity with GID (000000030000000f).
7/19/2025 2:26:50 PM : Inserting entity with GID (000000020000000d).
7/19/2025 2:26:50 PM : Inserting entity with GID (000000020000000e).
7/19/2025 2:26:50 PM : Inserting entity with GID (000000020000000f).
7/19/2025 2:26:50 PM : Inserting entity with GID (000000010000000e).
7/19/2025 2:26:50 PM : Inserting entity with GID (000000010000000f).
7/19/2025 2:26:50 PM : Inserting entity with GID (0000000100000010).
7/19/2025 2:26:50 PM : Inserting entity with GID (0000000600000010).
7/19/2025 2:26:50 PM : Inserting entity with GID (0000000600000011).
7/19/2025 2:26:50 PM : Inserting entity with GID (0000000600000012).
7/19/2025 2:26:50 PM : Inserting entity with GID (000000050000000b).
7/19/2025 2:26:50 PM : Inserting entity with GID (000000050000000c).
7/19/2025 2:26:50 PM : Inserting entity with GID (000000040000000b).
7/19/2025 2:26:50 PM : Inserting entity with GID (000000040000000c).
7/19/2025 2:26:50 PM : Inserting entity with GID (0000000300000010).
7/19/2025 2:26:50 PM : Inserting entity with GID (0000000300000011).
7/19/2025 2:26:50 PM : Inserting entity with GID (0000000300000012).
7/19/2025 2:26:50 PM : Inserting entity with GID (0000000200000010).
7/19/2025 2:26:50 PM : Inserting entity with GID (0000000200000011).
7/19/2025 2:26:50 PM : Inserting entity with GID (0000000200000012).
7/19/2025 2:26:50 PM : Inserting entity with GID (0000000100000011).
7/19/2025 2:26:50 PM : Inserting entity with GID (0000000100000012).
7/19/2025 2:26:50 PM : Inserting entity with GID (0000000100000013).
7/19/2025 2:26:50 PM : Inserting entity with GID (0000000600000013).
7/19/2025 2:26:50 PM : Inserting entity with GID (0000000600000014).
7/19/2025 2:26:50 PM : Inserting entity with GID (0000000600000015).
7/19/2025 2:26:50 PM : Inserting entity with GID (000000050000000d).
7/19/2025 2:26:50 PM : Inserting entity with GID (000000050000000e).
7/19/2025 2:26:50 PM : Inserting entity with GID (000000040000000d).
7/19/2025 2:26:50 PM : Inserting entity with GID (000000040000000e).
7/19/2025 2:26:50 PM : Inserting entity with GID (0000000300000013).
7/19/2025 2:26:50 PM : Inserting entity with GID (0000000300000014).
7/19/2025 2:26:50 PM : Inserting entity with GID (0000000300000015).
7/19/2025 2:26:50 PM : Inserting entity with GID (0000000200000013).
7/19/2025 2:26:50 PM : Inserting entity with GID (0000000200000014).
7/19/2025 2:26:50 PM : Inserting entity with GID (0000000200000015).
7/19/2025 2:26:50 PM : Inserting entity with GID (0000000100000014).
7/19/2025 2:26:50 PM : Inserting entity with GID (0000000100000015).
7/19/2025 2:26:50 PM : Inserting entity with GID (0000000100000016).
7/19/2025 2:26:52 PM : The WCF service GenericDataAccess is ready.
7/19/2025 2:26:52 PM : Endpoints:
7/19/2025 2:26:52 PM : net.tcp://localhost:10000/NetworkModelService/GDA/
7/19/2025 2:26:52 PM : Connection string: ../NetworkModelData.data
7/19/2025 2:26:52 PM : Trace level: Info
7/19/2025 2:26:52 PM : The Network Model Service is started.
7/19/2025 2:26:52 PM : Press <Enter> to stop the service.
7/19/2025 2:27:09 PM : Applying  delta to network model.
7/19/2025 2:27:09 PM : Inserting entity with GID (0000000600000016).
7/19/2025 2:27:09 PM : Inserting entity with GID (0000000600000017).
7/19/2025 2:27:09 PM : Inserting entity with GID (0000000600000018).
7/19/2025 2:27:09 PM : Inserting entity with GID (000000050000000f).
7/19/2025 2:27:09 PM : Inserting entity with GID (0000000500000010).
7/19/2025 2:27:09 PM : Inserting entity with GID (000000040000000f).
7/19/2025 2:27:09 PM : Inserting entity with GID (0000000400000010).
7/19/2025 2:27:09 PM : Inserting entity with GID (0000000300000016).
7/19/2025 2:27:09 PM : Inserting entity with GID (0000000300000017).
7/19/2025 2:27:09 PM : Inserting entity with GID (0000000300000018).
7/19/2025 2:27:09 PM : Inserting entity with GID (0000000200000016).
7/19/2025 2:27:09 PM : Inserting entity with GID (0000000200000017).
7/19/2025 2:27:09 PM : Inserting entity with GID (0000000200000018).
7/19/2025 2:27:09 PM : Inserting entity with GID (0000000100000017).
7/19/2025 2:27:09 PM : Inserting entity with GID (0000000100000018).
7/19/2025 2:27:09 PM : Inserting entity with GID (0000000100000019).
7/19/2025 2:27:09 PM : Applying delta to network model successfully finished.
7/19/2025 6:01:58 PM : Starting Network Model Service...
7/19/2025 6:01:59 PM : Inserting entity with GID (0000000100000001).
7/19/2025 6:01:59 PM : Failed to insert entity (GID = 0x0000000100000001) into model. Index (zero based) must be greater than or equal to zero and less than the size of the argument list.
7/19/2025 6:01:59 PM : Error while applying delta (id = 1) during service initialization. Failed to insert entity (GID = 0x0000000100000001) into model. Index (zero based) must be greater than or equal to zero and less than the size of the argument list.
7/19/2025 6:01:59 PM : Inserting entity with GID (0000000600000001).
7/19/2025 6:01:59 PM : Inserting entity with GID (0000000600000002).
7/19/2025 6:01:59 PM : Inserting entity with GID (0000000600000003).
7/19/2025 6:01:59 PM : Inserting entity with GID (0000000500000001).
7/19/2025 6:01:59 PM : Inserting entity with GID (0000000500000002).
7/19/2025 6:01:59 PM : Inserting entity with GID (0000000400000001).
7/19/2025 6:01:59 PM : Inserting entity with GID (0000000400000002).
7/19/2025 6:01:59 PM : Inserting entity with GID (0000000300000001).
7/19/2025 6:01:59 PM : Inserting entity with GID (0000000300000002).
7/19/2025 6:01:59 PM : Inserting entity with GID (0000000300000003).
7/19/2025 6:01:59 PM : Inserting entity with GID (0000000200000001).
7/19/2025 6:01:59 PM : Inserting entity with GID (0000000200000002).
7/19/2025 6:01:59 PM : Inserting entity with GID (0000000200000003).
7/19/2025 6:01:59 PM : Inserting entity with GID (0000000100000002).
7/19/2025 6:01:59 PM : Inserting entity with GID (0000000100000003).
7/19/2025 6:01:59 PM : Inserting entity with GID (0000000100000004).
7/19/2025 6:01:59 PM : Inserting entity with GID (0000000600000004).
7/19/2025 6:01:59 PM : Inserting entity with GID (0000000600000005).
7/19/2025 6:01:59 PM : Inserting entity with GID (0000000600000006).
7/19/2025 6:01:59 PM : Inserting entity with GID (0000000500000003).
7/19/2025 6:01:59 PM : Inserting entity with GID (0000000500000004).
7/19/2025 6:01:59 PM : Inserting entity with GID (0000000400000003).
7/19/2025 6:02:00 PM : Inserting entity with GID (0000000400000004).
7/19/2025 6:02:00 PM : Inserting entity with GID (0000000300000004).
7/19/2025 6:02:00 PM : Inserting entity with GID (0000000300000005).
7/19/2025 6:02:00 PM : Inserting entity with GID (0000000300000006).
7/19/2025 6:02:00 PM : Inserting entity with GID (0000000200000004).
7/19/2025 6:02:00 PM : Inserting entity with GID (0000000200000005).
7/19/2025 6:02:00 PM : Inserting entity with GID (0000000200000006).
7/19/2025 6:02:00 PM : Inserting entity with GID (0000000100000005).
7/19/2025 6:02:00 PM : Inserting entity with GID (0000000100000006).
7/19/2025 6:02:00 PM : Inserting entity with GID (0000000100000007).
7/19/2025 6:02:00 PM : Inserting entity with GID (0000000600000007).
7/19/2025 6:02:00 PM : Inserting entity with GID (0000000600000008).
7/19/2025 6:02:00 PM : Inserting entity with GID (0000000600000009).
7/19/2025 6:02:00 PM : Inserting entity with GID (0000000500000005).
7/19/2025 6:02:00 PM : Inserting entity with GID (0000000500000006).
7/19/2025 6:02:00 PM : Inserting entity with GID (0000000400000005).
7/19/2025 6:02:00 PM : Inserting entity with GID (0000000400000006).
7/19/2025 6:02:00 PM : Inserting entity with GID (0000000300000007).
7/19/2025 6:02:00 PM : Inserting entity with GID (0000000300000008).
7/19/2025 6:02:00 PM : Inserting entity with GID (0000000300000009).
7/19/2025 6:02:00 PM : Inserting entity with GID (0000000200000007).
7/19/2025 6:02:00 PM : Inserting entity with GID (0000000200000008).
7/19/2025 6:02:00 PM : Inserting entity with GID (0000000200000009).
7/19/2025 6:02:00 PM : Inserting entity with GID (0000000100000008).
7/19/2025 6:02:00 PM : Inserting entity with GID (0000000100000009).
7/19/2025 6:02:00 PM : Inserting entity with GID (000000010000000a).
7/19/2025 6:02:00 PM : Inserting entity with GID (000000060000000a).
7/19/2025 6:02:00 PM : Inserting entity with GID (000000060000000b).
7/19/2025 6:02:00 PM : Inserting entity with GID (000000060000000c).
7/19/2025 6:02:00 PM : Inserting entity with GID (0000000500000007).
7/19/2025 6:02:00 PM : Inserting entity with GID (0000000500000008).
7/19/2025 6:02:00 PM : Inserting entity with GID (0000000400000007).
7/19/2025 6:02:00 PM : Inserting entity with GID (0000000400000008).
7/19/2025 6:02:00 PM : Inserting entity with GID (000000030000000a).
7/19/2025 6:02:00 PM : Inserting entity with GID (000000030000000b).
7/19/2025 6:02:00 PM : Inserting entity with GID (000000030000000c).
7/19/2025 6:02:00 PM : Inserting entity with GID (000000020000000a).
7/19/2025 6:02:00 PM : Inserting entity with GID (000000020000000b).
7/19/2025 6:02:00 PM : Inserting entity with GID (000000020000000c).
7/19/2025 6:02:00 PM : Inserting entity with GID (000000010000000b).
7/19/2025 6:02:00 PM : Inserting entity with GID (000000010000000c).
7/19/2025 6:02:00 PM : Inserting entity with GID (000000010000000d).
7/19/2025 6:02:00 PM : Inserting entity with GID (000000060000000d).
7/19/2025 6:02:00 PM : Inserting entity with GID (000000060000000e).
7/19/2025 6:02:00 PM : Inserting entity with GID (000000060000000f).
7/19/2025 6:02:00 PM : Inserting entity with GID (0000000500000009).
7/19/2025 6:02:00 PM : Inserting entity with GID (000000050000000a).
7/19/2025 6:02:00 PM : Inserting entity with GID (0000000400000009).
7/19/2025 6:02:00 PM : Inserting entity with GID (000000040000000a).
7/19/2025 6:02:00 PM : Inserting entity with GID (000000030000000d).
7/19/2025 6:02:00 PM : Inserting entity with GID (000000030000000e).
7/19/2025 6:02:00 PM : Inserting entity with GID (000000030000000f).
7/19/2025 6:02:00 PM : Inserting entity with GID (000000020000000d).
7/19/2025 6:02:00 PM : Inserting entity with GID (000000020000000e).
7/19/2025 6:02:00 PM : Inserting entity with GID (000000020000000f).
7/19/2025 6:02:00 PM : Inserting entity with GID (000000010000000e).
7/19/2025 6:02:00 PM : Inserting entity with GID (000000010000000f).
7/19/2025 6:02:00 PM : Inserting entity with GID (0000000100000010).
7/19/2025 6:02:00 PM : Inserting entity with GID (0000000600000010).
7/19/2025 6:02:00 PM : Inserting entity with GID (0000000600000011).
7/19/2025 6:02:00 PM : Inserting entity with GID (0000000600000012).
7/19/2025 6:02:00 PM : Inserting entity with GID (000000050000000b).
7/19/2025 6:02:00 PM : Inserting entity with GID (000000050000000c).
7/19/2025 6:02:00 PM : Inserting entity with GID (000000040000000b).
7/19/2025 6:02:00 PM : Inserting entity with GID (000000040000000c).
7/19/2025 6:02:00 PM : Inserting entity with GID (0000000300000010).
7/19/2025 6:02:00 PM : Inserting entity with GID (0000000300000011).
7/19/2025 6:02:00 PM : Inserting entity with GID (0000000300000012).
7/19/2025 6:02:00 PM : Inserting entity with GID (0000000200000010).
7/19/2025 6:02:00 PM : Inserting entity with GID (0000000200000011).
7/19/2025 6:02:00 PM : Inserting entity with GID (0000000200000012).
7/19/2025 6:02:00 PM : Inserting entity with GID (0000000100000011).
7/19/2025 6:02:00 PM : Inserting entity with GID (0000000100000012).
7/19/2025 6:02:00 PM : Inserting entity with GID (0000000100000013).
7/19/2025 6:02:00 PM : Inserting entity with GID (0000000600000013).
7/19/2025 6:02:00 PM : Inserting entity with GID (0000000600000014).
7/19/2025 6:02:00 PM : Inserting entity with GID (0000000600000015).
7/19/2025 6:02:00 PM : Inserting entity with GID (000000050000000d).
7/19/2025 6:02:00 PM : Inserting entity with GID (000000050000000e).
7/19/2025 6:02:00 PM : Inserting entity with GID (000000040000000d).
7/19/2025 6:02:00 PM : Inserting entity with GID (000000040000000e).
7/19/2025 6:02:00 PM : Inserting entity with GID (0000000300000013).
7/19/2025 6:02:00 PM : Inserting entity with GID (0000000300000014).
7/19/2025 6:02:00 PM : Inserting entity with GID (0000000300000015).
7/19/2025 6:02:00 PM : Inserting entity with GID (0000000200000013).
7/19/2025 6:02:00 PM : Inserting entity with GID (0000000200000014).
7/19/2025 6:02:00 PM : Inserting entity with GID (0000000200000015).
7/19/2025 6:02:00 PM : Inserting entity with GID (0000000100000014).
7/19/2025 6:02:00 PM : Inserting entity with GID (0000000100000015).
7/19/2025 6:02:00 PM : Inserting entity with GID (0000000100000016).
7/19/2025 6:02:00 PM : Inserting entity with GID (0000000600000016).
7/19/2025 6:02:00 PM : Inserting entity with GID (0000000600000017).
7/19/2025 6:02:00 PM : Inserting entity with GID (0000000600000018).
7/19/2025 6:02:00 PM : Inserting entity with GID (000000050000000f).
7/19/2025 6:02:00 PM : Inserting entity with GID (0000000500000010).
7/19/2025 6:02:00 PM : Inserting entity with GID (000000040000000f).
7/19/2025 6:02:00 PM : Inserting entity with GID (0000000400000010).
7/19/2025 6:02:00 PM : Inserting entity with GID (0000000300000016).
7/19/2025 6:02:00 PM : Inserting entity with GID (0000000300000017).
7/19/2025 6:02:00 PM : Inserting entity with GID (0000000300000018).
7/19/2025 6:02:00 PM : Inserting entity with GID (0000000200000016).
7/19/2025 6:02:00 PM : Inserting entity with GID (0000000200000017).
7/19/2025 6:02:00 PM : Inserting entity with GID (0000000200000018).
7/19/2025 6:02:00 PM : Inserting entity with GID (0000000100000017).
7/19/2025 6:02:00 PM : Inserting entity with GID (0000000100000018).
7/19/2025 6:02:00 PM : Inserting entity with GID (0000000100000019).
7/19/2025 6:02:01 PM : The WCF service GenericDataAccess is ready.
7/19/2025 6:02:01 PM : Endpoints:
7/19/2025 6:02:01 PM : net.tcp://localhost:10000/NetworkModelService/GDA/
7/19/2025 6:02:01 PM : Connection string: ../NetworkModelData.data
7/19/2025 6:02:01 PM : Trace level: Info
7/19/2025 6:02:01 PM : The Network Model Service is started.
7/19/2025 6:02:01 PM : Press <Enter> to stop the service.
7/19/2025 6:06:22 PM : Applying  delta to network model.
7/19/2025 6:06:22 PM : Inserting entity with GID (0000000600000019).
7/19/2025 6:06:22 PM : Inserting entity with GID (000000060000001a).
7/19/2025 6:06:22 PM : Inserting entity with GID (000000060000001b).
7/19/2025 6:06:22 PM : Inserting entity with GID (0000000500000011).
7/19/2025 6:06:22 PM : Inserting entity with GID (0000000500000012).
7/19/2025 6:06:22 PM : Inserting entity with GID (0000000400000011).
7/19/2025 6:06:22 PM : Inserting entity with GID (0000000400000012).
7/19/2025 6:06:22 PM : Inserting entity with GID (0000000300000019).
7/19/2025 6:06:22 PM : Inserting entity with GID (000000030000001a).
7/19/2025 6:06:22 PM : Inserting entity with GID (000000030000001b).
7/19/2025 6:06:22 PM : Inserting entity with GID (0000000200000019).
7/19/2025 6:06:22 PM : Inserting entity with GID (000000020000001a).
7/19/2025 6:06:22 PM : Inserting entity with GID (000000020000001b).
7/19/2025 6:06:22 PM : Inserting entity with GID (000000010000001a).
7/19/2025 6:06:22 PM : Inserting entity with GID (000000010000001b).
7/19/2025 6:06:22 PM : Inserting entity with GID (000000010000001c).
7/19/2025 6:06:22 PM : Applying delta to network model successfully finished.
7/19/2025 6:13:33 PM : Failed to get related values for source GID = 0x0000000300000019. Entity with GID = 0x0000000300000019 does not contain prperty with Id = TERMINAL_CONNECTIVITYNODE..
7/19/2025 6:13:33 PM : Getting related values for resource with ID = 0x0000000300000019 failed. Failed to get related values for source GID = 0x0000000300000019. Entity with GID = 0x0000000300000019 does not contain prperty with Id = TERMINAL_CONNECTIVITYNODE..
7/19/2025 6:30:51 PM : Starting Network Model Service...
7/19/2025 6:30:51 PM : Inserting entity with GID (0000000100000001).
7/19/2025 6:30:51 PM : Failed to insert entity (GID = 0x0000000100000001) into model. Index (zero based) must be greater than or equal to zero and less than the size of the argument list.
7/19/2025 6:30:51 PM : Error while applying delta (id = 1) during service initialization. Failed to insert entity (GID = 0x0000000100000001) into model. Index (zero based) must be greater than or equal to zero and less than the size of the argument list.
7/19/2025 6:30:51 PM : Inserting entity with GID (0000000600000001).
7/19/2025 6:30:51 PM : Inserting entity with GID (0000000600000002).
7/19/2025 6:30:51 PM : Inserting entity with GID (0000000600000003).
7/19/2025 6:30:51 PM : Inserting entity with GID (0000000500000001).
7/19/2025 6:30:51 PM : Inserting entity with GID (0000000500000002).
7/19/2025 6:30:51 PM : Inserting entity with GID (0000000400000001).
7/19/2025 6:30:51 PM : Inserting entity with GID (0000000400000002).
7/19/2025 6:30:51 PM : Inserting entity with GID (0000000300000001).
7/19/2025 6:30:51 PM : Inserting entity with GID (0000000300000002).
7/19/2025 6:30:51 PM : Inserting entity with GID (0000000300000003).
7/19/2025 6:30:51 PM : Inserting entity with GID (0000000200000001).
7/19/2025 6:30:51 PM : Inserting entity with GID (0000000200000002).
7/19/2025 6:30:51 PM : Inserting entity with GID (0000000200000003).
7/19/2025 6:30:51 PM : Inserting entity with GID (0000000100000002).
7/19/2025 6:30:51 PM : Inserting entity with GID (0000000100000003).
7/19/2025 6:30:51 PM : Inserting entity with GID (0000000100000004).
7/19/2025 6:30:51 PM : Inserting entity with GID (0000000600000004).
7/19/2025 6:30:51 PM : Inserting entity with GID (0000000600000005).
7/19/2025 6:30:51 PM : Inserting entity with GID (0000000600000006).
7/19/2025 6:30:51 PM : Inserting entity with GID (0000000500000003).
7/19/2025 6:30:51 PM : Inserting entity with GID (0000000500000004).
7/19/2025 6:30:51 PM : Inserting entity with GID (0000000400000003).
7/19/2025 6:30:51 PM : Inserting entity with GID (0000000400000004).
7/19/2025 6:30:51 PM : Inserting entity with GID (0000000300000004).
7/19/2025 6:30:51 PM : Inserting entity with GID (0000000300000005).
7/19/2025 6:30:51 PM : Inserting entity with GID (0000000300000006).
7/19/2025 6:30:51 PM : Inserting entity with GID (0000000200000004).
7/19/2025 6:30:51 PM : Inserting entity with GID (0000000200000005).
7/19/2025 6:30:51 PM : Inserting entity with GID (0000000200000006).
7/19/2025 6:30:51 PM : Inserting entity with GID (0000000100000005).
7/19/2025 6:30:51 PM : Inserting entity with GID (0000000100000006).
7/19/2025 6:30:51 PM : Inserting entity with GID (0000000100000007).
7/19/2025 6:30:51 PM : Inserting entity with GID (0000000600000007).
7/19/2025 6:30:51 PM : Inserting entity with GID (0000000600000008).
7/19/2025 6:30:51 PM : Inserting entity with GID (0000000600000009).
7/19/2025 6:30:51 PM : Inserting entity with GID (0000000500000005).
7/19/2025 6:30:51 PM : Inserting entity with GID (0000000500000006).
7/19/2025 6:30:51 PM : Inserting entity with GID (0000000400000005).
7/19/2025 6:30:51 PM : Inserting entity with GID (0000000400000006).
7/19/2025 6:30:51 PM : Inserting entity with GID (0000000300000007).
7/19/2025 6:30:51 PM : Inserting entity with GID (0000000300000008).
7/19/2025 6:30:51 PM : Inserting entity with GID (0000000300000009).
7/19/2025 6:30:51 PM : Inserting entity with GID (0000000200000007).
7/19/2025 6:30:51 PM : Inserting entity with GID (0000000200000008).
7/19/2025 6:30:51 PM : Inserting entity with GID (0000000200000009).
7/19/2025 6:30:51 PM : Inserting entity with GID (0000000100000008).
7/19/2025 6:30:51 PM : Inserting entity with GID (0000000100000009).
7/19/2025 6:30:51 PM : Inserting entity with GID (000000010000000a).
7/19/2025 6:30:51 PM : Inserting entity with GID (000000060000000a).
7/19/2025 6:30:51 PM : Inserting entity with GID (000000060000000b).
7/19/2025 6:30:51 PM : Inserting entity with GID (000000060000000c).
7/19/2025 6:30:51 PM : Inserting entity with GID (0000000500000007).
7/19/2025 6:30:51 PM : Inserting entity with GID (0000000500000008).
7/19/2025 6:30:51 PM : Inserting entity with GID (0000000400000007).
7/19/2025 6:30:51 PM : Inserting entity with GID (0000000400000008).
7/19/2025 6:30:51 PM : Inserting entity with GID (000000030000000a).
7/19/2025 6:30:51 PM : Inserting entity with GID (000000030000000b).
7/19/2025 6:30:51 PM : Inserting entity with GID (000000030000000c).
7/19/2025 6:30:51 PM : Inserting entity with GID (000000020000000a).
7/19/2025 6:30:51 PM : Inserting entity with GID (000000020000000b).
7/19/2025 6:30:51 PM : Inserting entity with GID (000000020000000c).
7/19/2025 6:30:51 PM : Inserting entity with GID (000000010000000b).
7/19/2025 6:30:51 PM : Inserting entity with GID (000000010000000c).
7/19/2025 6:30:51 PM : Inserting entity with GID (000000010000000d).
7/19/2025 6:30:51 PM : Inserting entity with GID (000000060000000d).
7/19/2025 6:30:51 PM : Inserting entity with GID (000000060000000e).
7/19/2025 6:30:51 PM : Inserting entity with GID (000000060000000f).
7/19/2025 6:30:51 PM : Inserting entity with GID (0000000500000009).
7/19/2025 6:30:51 PM : Inserting entity with GID (000000050000000a).
7/19/2025 6:30:51 PM : Inserting entity with GID (0000000400000009).
7/19/2025 6:30:51 PM : Inserting entity with GID (000000040000000a).
7/19/2025 6:30:51 PM : Inserting entity with GID (000000030000000d).
7/19/2025 6:30:51 PM : Inserting entity with GID (000000030000000e).
7/19/2025 6:30:51 PM : Inserting entity with GID (000000030000000f).
7/19/2025 6:30:51 PM : Inserting entity with GID (000000020000000d).
7/19/2025 6:30:51 PM : Inserting entity with GID (000000020000000e).
7/19/2025 6:30:51 PM : Inserting entity with GID (000000020000000f).
7/19/2025 6:30:51 PM : Inserting entity with GID (000000010000000e).
7/19/2025 6:30:51 PM : Inserting entity with GID (000000010000000f).
7/19/2025 6:30:51 PM : Inserting entity with GID (0000000100000010).
7/19/2025 6:30:51 PM : Inserting entity with GID (0000000600000010).
7/19/2025 6:30:51 PM : Inserting entity with GID (0000000600000011).
7/19/2025 6:30:51 PM : Inserting entity with GID (0000000600000012).
7/19/2025 6:30:51 PM : Inserting entity with GID (000000050000000b).
7/19/2025 6:30:51 PM : Inserting entity with GID (000000050000000c).
7/19/2025 6:30:51 PM : Inserting entity with GID (000000040000000b).
7/19/2025 6:30:51 PM : Inserting entity with GID (000000040000000c).
7/19/2025 6:30:51 PM : Inserting entity with GID (0000000300000010).
7/19/2025 6:30:51 PM : Inserting entity with GID (0000000300000011).
7/19/2025 6:30:51 PM : Inserting entity with GID (0000000300000012).
7/19/2025 6:30:51 PM : Inserting entity with GID (0000000200000010).
7/19/2025 6:30:51 PM : Inserting entity with GID (0000000200000011).
7/19/2025 6:30:51 PM : Inserting entity with GID (0000000200000012).
7/19/2025 6:30:51 PM : Inserting entity with GID (0000000100000011).
7/19/2025 6:30:51 PM : Inserting entity with GID (0000000100000012).
7/19/2025 6:30:51 PM : Inserting entity with GID (0000000100000013).
7/19/2025 6:30:51 PM : Inserting entity with GID (0000000600000013).
7/19/2025 6:30:51 PM : Inserting entity with GID (0000000600000014).
7/19/2025 6:30:51 PM : Inserting entity with GID (0000000600000015).
7/19/2025 6:30:51 PM : Inserting entity with GID (000000050000000d).
7/19/2025 6:30:51 PM : Inserting entity with GID (000000050000000e).
7/19/2025 6:30:51 PM : Inserting entity with GID (000000040000000d).
7/19/2025 6:30:51 PM : Inserting entity with GID (000000040000000e).
7/19/2025 6:30:51 PM : Inserting entity with GID (0000000300000013).
7/19/2025 6:30:51 PM : Inserting entity with GID (0000000300000014).
7/19/2025 6:30:51 PM : Inserting entity with GID (0000000300000015).
7/19/2025 6:30:51 PM : Inserting entity with GID (0000000200000013).
7/19/2025 6:30:51 PM : Inserting entity with GID (0000000200000014).
7/19/2025 6:30:51 PM : Inserting entity with GID (0000000200000015).
7/19/2025 6:30:51 PM : Inserting entity with GID (0000000100000014).
7/19/2025 6:30:51 PM : Inserting entity with GID (0000000100000015).
7/19/2025 6:30:51 PM : Inserting entity with GID (0000000100000016).
7/19/2025 6:30:51 PM : Inserting entity with GID (0000000600000016).
7/19/2025 6:30:51 PM : Inserting entity with GID (0000000600000017).
7/19/2025 6:30:51 PM : Inserting entity with GID (0000000600000018).
7/19/2025 6:30:51 PM : Inserting entity with GID (000000050000000f).
7/19/2025 6:30:51 PM : Inserting entity with GID (0000000500000010).
7/19/2025 6:30:51 PM : Inserting entity with GID (000000040000000f).
7/19/2025 6:30:51 PM : Inserting entity with GID (0000000400000010).
7/19/2025 6:30:51 PM : Inserting entity with GID (0000000300000016).
7/19/2025 6:30:51 PM : Inserting entity with GID (0000000300000017).
7/19/2025 6:30:51 PM : Inserting entity with GID (0000000300000018).
7/19/2025 6:30:51 PM : Inserting entity with GID (0000000200000016).
7/19/2025 6:30:51 PM : Inserting entity with GID (0000000200000017).
7/19/2025 6:30:51 PM : Inserting entity with GID (0000000200000018).
7/19/2025 6:30:51 PM : Inserting entity with GID (0000000100000017).
7/19/2025 6:30:51 PM : Inserting entity with GID (0000000100000018).
7/19/2025 6:30:51 PM : Inserting entity with GID (0000000100000019).
7/19/2025 6:30:51 PM : Inserting entity with GID (0000000600000019).
7/19/2025 6:30:51 PM : Inserting entity with GID (000000060000001a).
7/19/2025 6:30:51 PM : Inserting entity with GID (000000060000001b).
7/19/2025 6:30:51 PM : Inserting entity with GID (0000000500000011).
7/19/2025 6:30:51 PM : Inserting entity with GID (0000000500000012).
7/19/2025 6:30:51 PM : Inserting entity with GID (0000000400000011).
7/19/2025 6:30:51 PM : Inserting entity with GID (0000000400000012).
7/19/2025 6:30:51 PM : Inserting entity with GID (0000000300000019).
7/19/2025 6:30:51 PM : Inserting entity with GID (000000030000001a).
7/19/2025 6:30:51 PM : Inserting entity with GID (000000030000001b).
7/19/2025 6:30:51 PM : Inserting entity with GID (0000000200000019).
7/19/2025 6:30:51 PM : Inserting entity with GID (000000020000001a).
7/19/2025 6:30:51 PM : Inserting entity with GID (000000020000001b).
7/19/2025 6:30:51 PM : Inserting entity with GID (000000010000001a).
7/19/2025 6:30:51 PM : Inserting entity with GID (000000010000001b).
7/19/2025 6:30:51 PM : Inserting entity with GID (000000010000001c).
7/19/2025 6:30:52 PM : The WCF service GenericDataAccess is ready.
7/19/2025 6:30:52 PM : Endpoints:
7/19/2025 6:30:52 PM : net.tcp://localhost:10000/NetworkModelService/GDA/
7/19/2025 6:30:52 PM : Connection string: ../NetworkModelData.data
7/19/2025 6:30:52 PM : Trace level: Info
7/19/2025 6:30:52 PM : The Network Model Service is started.
7/19/2025 6:30:52 PM : Press <Enter> to stop the service.
7/19/2025 6:31:21 PM : Applying  delta to network model.
7/19/2025 6:31:22 PM : Inserting entity with GID (000000060000001c).
7/19/2025 6:31:22 PM : Inserting entity with GID (000000060000001d).
7/19/2025 6:31:22 PM : Inserting entity with GID (000000060000001e).
7/19/2025 6:31:22 PM : Inserting entity with GID (0000000500000013).
7/19/2025 6:31:22 PM : Inserting entity with GID (0000000500000014).
7/19/2025 6:31:22 PM : Inserting entity with GID (0000000400000013).
7/19/2025 6:31:22 PM : Inserting entity with GID (0000000400000014).
7/19/2025 6:31:22 PM : Inserting entity with GID (000000030000001c).
7/19/2025 6:31:22 PM : Inserting entity with GID (000000030000001d).
7/19/2025 6:31:22 PM : Inserting entity with GID (000000030000001e).
7/19/2025 6:31:22 PM : Inserting entity with GID (000000020000001c).
7/19/2025 6:31:22 PM : Inserting entity with GID (000000020000001d).
7/19/2025 6:31:22 PM : Inserting entity with GID (000000020000001e).
7/19/2025 6:31:22 PM : Inserting entity with GID (000000010000001d).
7/19/2025 6:31:22 PM : Inserting entity with GID (000000010000001e).
7/19/2025 6:31:22 PM : Inserting entity with GID (000000010000001f).
7/19/2025 6:31:22 PM : Applying delta to network model successfully finished.
7/19/2025 6:42:49 PM : Starting Network Model Service...
7/19/2025 6:42:50 PM : Inserting entity with GID (0000000100000001).
7/19/2025 6:42:50 PM : Failed to insert entity (GID = 0x0000000100000001) into model. Index (zero based) must be greater than or equal to zero and less than the size of the argument list.
7/19/2025 6:42:50 PM : Error while applying delta (id = 1) during service initialization. Failed to insert entity (GID = 0x0000000100000001) into model. Index (zero based) must be greater than or equal to zero and less than the size of the argument list.
7/19/2025 6:42:50 PM : Inserting entity with GID (0000000600000001).
7/19/2025 6:42:50 PM : Inserting entity with GID (0000000600000002).
7/19/2025 6:42:50 PM : Inserting entity with GID (0000000600000003).
7/19/2025 6:42:50 PM : Inserting entity with GID (0000000500000001).
7/19/2025 6:42:50 PM : Inserting entity with GID (0000000500000002).
7/19/2025 6:42:50 PM : Inserting entity with GID (0000000400000001).
7/19/2025 6:42:50 PM : Inserting entity with GID (0000000400000002).
7/19/2025 6:42:50 PM : Inserting entity with GID (0000000300000001).
7/19/2025 6:42:50 PM : Inserting entity with GID (0000000300000002).
7/19/2025 6:42:50 PM : Inserting entity with GID (0000000300000003).
7/19/2025 6:42:50 PM : Inserting entity with GID (0000000200000001).
7/19/2025 6:42:50 PM : Inserting entity with GID (0000000200000002).
7/19/2025 6:42:50 PM : Inserting entity with GID (0000000200000003).
7/19/2025 6:42:50 PM : Inserting entity with GID (0000000100000002).
7/19/2025 6:42:50 PM : Inserting entity with GID (0000000100000003).
7/19/2025 6:42:50 PM : Inserting entity with GID (0000000100000004).
7/19/2025 6:42:50 PM : Inserting entity with GID (0000000600000004).
7/19/2025 6:42:50 PM : Inserting entity with GID (0000000600000005).
7/19/2025 6:42:50 PM : Inserting entity with GID (0000000600000006).
7/19/2025 6:42:50 PM : Inserting entity with GID (0000000500000003).
7/19/2025 6:42:50 PM : Inserting entity with GID (0000000500000004).
7/19/2025 6:42:50 PM : Inserting entity with GID (0000000400000003).
7/19/2025 6:42:50 PM : Inserting entity with GID (0000000400000004).
7/19/2025 6:42:50 PM : Inserting entity with GID (0000000300000004).
7/19/2025 6:42:50 PM : Inserting entity with GID (0000000300000005).
7/19/2025 6:42:50 PM : Inserting entity with GID (0000000300000006).
7/19/2025 6:42:50 PM : Inserting entity with GID (0000000200000004).
7/19/2025 6:42:50 PM : Inserting entity with GID (0000000200000005).
7/19/2025 6:42:50 PM : Inserting entity with GID (0000000200000006).
7/19/2025 6:42:50 PM : Inserting entity with GID (0000000100000005).
7/19/2025 6:42:50 PM : Inserting entity with GID (0000000100000006).
7/19/2025 6:42:50 PM : Inserting entity with GID (0000000100000007).
7/19/2025 6:42:50 PM : Inserting entity with GID (0000000600000007).
7/19/2025 6:42:50 PM : Inserting entity with GID (0000000600000008).
7/19/2025 6:42:50 PM : Inserting entity with GID (0000000600000009).
7/19/2025 6:42:50 PM : Inserting entity with GID (0000000500000005).
7/19/2025 6:42:50 PM : Inserting entity with GID (0000000500000006).
7/19/2025 6:42:50 PM : Inserting entity with GID (0000000400000005).
7/19/2025 6:42:50 PM : Inserting entity with GID (0000000400000006).
7/19/2025 6:42:50 PM : Inserting entity with GID (0000000300000007).
7/19/2025 6:42:50 PM : Inserting entity with GID (0000000300000008).
7/19/2025 6:42:50 PM : Inserting entity with GID (0000000300000009).
7/19/2025 6:42:50 PM : Inserting entity with GID (0000000200000007).
7/19/2025 6:42:50 PM : Inserting entity with GID (0000000200000008).
7/19/2025 6:42:50 PM : Inserting entity with GID (0000000200000009).
7/19/2025 6:42:50 PM : Inserting entity with GID (0000000100000008).
7/19/2025 6:42:50 PM : Inserting entity with GID (0000000100000009).
7/19/2025 6:42:50 PM : Inserting entity with GID (000000010000000a).
7/19/2025 6:42:50 PM : Inserting entity with GID (000000060000000a).
7/19/2025 6:42:50 PM : Inserting entity with GID (000000060000000b).
7/19/2025 6:42:50 PM : Inserting entity with GID (000000060000000c).
7/19/2025 6:42:50 PM : Inserting entity with GID (0000000500000007).
7/19/2025 6:42:50 PM : Inserting entity with GID (0000000500000008).
7/19/2025 6:42:50 PM : Inserting entity with GID (0000000400000007).
7/19/2025 6:42:50 PM : Inserting entity with GID (0000000400000008).
7/19/2025 6:42:50 PM : Inserting entity with GID (000000030000000a).
7/19/2025 6:42:50 PM : Inserting entity with GID (000000030000000b).
7/19/2025 6:42:50 PM : Inserting entity with GID (000000030000000c).
7/19/2025 6:42:50 PM : Inserting entity with GID (000000020000000a).
7/19/2025 6:42:50 PM : Inserting entity with GID (000000020000000b).
7/19/2025 6:42:50 PM : Inserting entity with GID (000000020000000c).
7/19/2025 6:42:50 PM : Inserting entity with GID (000000010000000b).
7/19/2025 6:42:50 PM : Inserting entity with GID (000000010000000c).
7/19/2025 6:42:50 PM : Inserting entity with GID (000000010000000d).
7/19/2025 6:42:50 PM : Inserting entity with GID (000000060000000d).
7/19/2025 6:42:50 PM : Inserting entity with GID (000000060000000e).
7/19/2025 6:42:50 PM : Inserting entity with GID (000000060000000f).
7/19/2025 6:42:50 PM : Inserting entity with GID (0000000500000009).
7/19/2025 6:42:50 PM : Inserting entity with GID (000000050000000a).
7/19/2025 6:42:50 PM : Inserting entity with GID (0000000400000009).
7/19/2025 6:42:50 PM : Inserting entity with GID (000000040000000a).
7/19/2025 6:42:50 PM : Inserting entity with GID (000000030000000d).
7/19/2025 6:42:50 PM : Inserting entity with GID (000000030000000e).
7/19/2025 6:42:50 PM : Inserting entity with GID (000000030000000f).
7/19/2025 6:42:50 PM : Inserting entity with GID (000000020000000d).
7/19/2025 6:42:50 PM : Inserting entity with GID (000000020000000e).
7/19/2025 6:42:50 PM : Inserting entity with GID (000000020000000f).
7/19/2025 6:42:50 PM : Inserting entity with GID (000000010000000e).
7/19/2025 6:42:50 PM : Inserting entity with GID (000000010000000f).
7/19/2025 6:42:50 PM : Inserting entity with GID (0000000100000010).
7/19/2025 6:42:50 PM : Inserting entity with GID (0000000600000010).
7/19/2025 6:42:50 PM : Inserting entity with GID (0000000600000011).
7/19/2025 6:42:50 PM : Inserting entity with GID (0000000600000012).
7/19/2025 6:42:50 PM : Inserting entity with GID (000000050000000b).
7/19/2025 6:42:50 PM : Inserting entity with GID (000000050000000c).
7/19/2025 6:42:50 PM : Inserting entity with GID (000000040000000b).
7/19/2025 6:42:50 PM : Inserting entity with GID (000000040000000c).
7/19/2025 6:42:50 PM : Inserting entity with GID (0000000300000010).
7/19/2025 6:42:50 PM : Inserting entity with GID (0000000300000011).
7/19/2025 6:42:50 PM : Inserting entity with GID (0000000300000012).
7/19/2025 6:42:50 PM : Inserting entity with GID (0000000200000010).
7/19/2025 6:42:50 PM : Inserting entity with GID (0000000200000011).
7/19/2025 6:42:50 PM : Inserting entity with GID (0000000200000012).
7/19/2025 6:42:50 PM : Inserting entity with GID (0000000100000011).
7/19/2025 6:42:50 PM : Inserting entity with GID (0000000100000012).
7/19/2025 6:42:50 PM : Inserting entity with GID (0000000100000013).
7/19/2025 6:42:50 PM : Inserting entity with GID (0000000600000013).
7/19/2025 6:42:50 PM : Inserting entity with GID (0000000600000014).
7/19/2025 6:42:50 PM : Inserting entity with GID (0000000600000015).
7/19/2025 6:42:50 PM : Inserting entity with GID (000000050000000d).
7/19/2025 6:42:50 PM : Inserting entity with GID (000000050000000e).
7/19/2025 6:42:50 PM : Inserting entity with GID (000000040000000d).
7/19/2025 6:42:50 PM : Inserting entity with GID (000000040000000e).
7/19/2025 6:42:50 PM : Inserting entity with GID (0000000300000013).
7/19/2025 6:42:50 PM : Inserting entity with GID (0000000300000014).
7/19/2025 6:42:50 PM : Inserting entity with GID (0000000300000015).
7/19/2025 6:42:50 PM : Inserting entity with GID (0000000200000013).
7/19/2025 6:42:50 PM : Inserting entity with GID (0000000200000014).
7/19/2025 6:42:50 PM : Inserting entity with GID (0000000200000015).
7/19/2025 6:42:50 PM : Inserting entity with GID (0000000100000014).
7/19/2025 6:42:50 PM : Inserting entity with GID (0000000100000015).
7/19/2025 6:42:50 PM : Inserting entity with GID (0000000100000016).
7/19/2025 6:42:50 PM : Inserting entity with GID (0000000600000016).
7/19/2025 6:42:50 PM : Inserting entity with GID (0000000600000017).
7/19/2025 6:42:50 PM : Inserting entity with GID (0000000600000018).
7/19/2025 6:42:50 PM : Inserting entity with GID (000000050000000f).
7/19/2025 6:42:50 PM : Inserting entity with GID (0000000500000010).
7/19/2025 6:42:50 PM : Inserting entity with GID (000000040000000f).
7/19/2025 6:42:50 PM : Inserting entity with GID (0000000400000010).
7/19/2025 6:42:50 PM : Inserting entity with GID (0000000300000016).
7/19/2025 6:42:50 PM : Inserting entity with GID (0000000300000017).
7/19/2025 6:42:50 PM : Inserting entity with GID (0000000300000018).
7/19/2025 6:42:50 PM : Inserting entity with GID (0000000200000016).
7/19/2025 6:42:50 PM : Inserting entity with GID (0000000200000017).
7/19/2025 6:42:50 PM : Inserting entity with GID (0000000200000018).
7/19/2025 6:42:50 PM : Inserting entity with GID (0000000100000017).
7/19/2025 6:42:50 PM : Inserting entity with GID (0000000100000018).
7/19/2025 6:42:50 PM : Inserting entity with GID (0000000100000019).
7/19/2025 6:42:50 PM : Inserting entity with GID (0000000600000019).
7/19/2025 6:42:50 PM : Inserting entity with GID (000000060000001a).
7/19/2025 6:42:50 PM : Inserting entity with GID (000000060000001b).
7/19/2025 6:42:50 PM : Inserting entity with GID (0000000500000011).
7/19/2025 6:42:50 PM : Inserting entity with GID (0000000500000012).
7/19/2025 6:42:50 PM : Inserting entity with GID (0000000400000011).
7/19/2025 6:42:50 PM : Inserting entity with GID (0000000400000012).
7/19/2025 6:42:50 PM : Inserting entity with GID (0000000300000019).
7/19/2025 6:42:50 PM : Inserting entity with GID (000000030000001a).
7/19/2025 6:42:50 PM : Inserting entity with GID (000000030000001b).
7/19/2025 6:42:50 PM : Inserting entity with GID (0000000200000019).
7/19/2025 6:42:50 PM : Inserting entity with GID (000000020000001a).
7/19/2025 6:42:50 PM : Inserting entity with GID (000000020000001b).
7/19/2025 6:42:50 PM : Inserting entity with GID (000000010000001a).
7/19/2025 6:42:50 PM : Inserting entity with GID (000000010000001b).
7/19/2025 6:42:50 PM : Inserting entity with GID (000000010000001c).
7/19/2025 6:42:50 PM : Inserting entity with GID (000000060000001c).
7/19/2025 6:42:50 PM : Inserting entity with GID (000000060000001d).
7/19/2025 6:42:50 PM : Inserting entity with GID (000000060000001e).
7/19/2025 6:42:50 PM : Inserting entity with GID (0000000500000013).
7/19/2025 6:42:50 PM : Inserting entity with GID (0000000500000014).
7/19/2025 6:42:50 PM : Inserting entity with GID (0000000400000013).
7/19/2025 6:42:50 PM : Inserting entity with GID (0000000400000014).
7/19/2025 6:42:50 PM : Inserting entity with GID (000000030000001c).
7/19/2025 6:42:50 PM : Inserting entity with GID (000000030000001d).
7/19/2025 6:42:50 PM : Inserting entity with GID (000000030000001e).
7/19/2025 6:42:50 PM : Inserting entity with GID (000000020000001c).
7/19/2025 6:42:50 PM : Inserting entity with GID (000000020000001d).
7/19/2025 6:42:50 PM : Inserting entity with GID (000000020000001e).
7/19/2025 6:42:50 PM : Inserting entity with GID (000000010000001d).
7/19/2025 6:42:50 PM : Inserting entity with GID (000000010000001e).
7/19/2025 6:42:50 PM : Inserting entity with GID (000000010000001f).
7/19/2025 6:42:51 PM : The WCF service GenericDataAccess is ready.
7/19/2025 6:42:51 PM : Endpoints:
7/19/2025 6:42:51 PM : net.tcp://localhost:10000/NetworkModelService/GDA/
7/19/2025 6:42:51 PM : Connection string: ../NetworkModelData.data
7/19/2025 6:42:51 PM : Trace level: Info
7/19/2025 6:42:51 PM : The Network Model Service is started.
7/19/2025 6:42:51 PM : Press <Enter> to stop the service.
7/19/2025 6:43:07 PM : Applying  delta to network model.
7/19/2025 6:43:07 PM : Inserting entity with GID (000000060000001f).
7/19/2025 6:43:07 PM : Inserting entity with GID (0000000600000020).
7/19/2025 6:43:07 PM : Inserting entity with GID (0000000600000021).
7/19/2025 6:43:07 PM : Inserting entity with GID (0000000500000015).
7/19/2025 6:43:07 PM : Inserting entity with GID (0000000500000016).
7/19/2025 6:43:07 PM : Inserting entity with GID (0000000400000015).
7/19/2025 6:43:07 PM : Inserting entity with GID (0000000400000016).
7/19/2025 6:43:07 PM : Inserting entity with GID (000000030000001f).
7/19/2025 6:43:07 PM : Inserting entity with GID (0000000300000020).
7/19/2025 6:43:07 PM : Inserting entity with GID (0000000300000021).
7/19/2025 6:43:07 PM : Inserting entity with GID (000000020000001f).
7/19/2025 6:43:07 PM : Inserting entity with GID (0000000200000020).
7/19/2025 6:43:07 PM : Inserting entity with GID (0000000200000021).
7/19/2025 6:43:07 PM : Inserting entity with GID (0000000100000020).
7/19/2025 6:43:07 PM : Inserting entity with GID (0000000100000021).
7/19/2025 6:43:07 PM : Inserting entity with GID (0000000100000022).
7/19/2025 6:43:07 PM : Applying delta to network model successfully finished.
7/19/2025 6:45:37 PM : Starting Network Model Service...
7/19/2025 6:45:37 PM : Inserting entity with GID (0000000100000001).
7/19/2025 6:45:37 PM : Failed to insert entity (GID = 0x0000000100000001) into model. Index (zero based) must be greater than or equal to zero and less than the size of the argument list.
7/19/2025 6:45:37 PM : Error while applying delta (id = 1) during service initialization. Failed to insert entity (GID = 0x0000000100000001) into model. Index (zero based) must be greater than or equal to zero and less than the size of the argument list.
7/19/2025 6:45:37 PM : Inserting entity with GID (0000000600000001).
7/19/2025 6:45:37 PM : Inserting entity with GID (0000000600000002).
7/19/2025 6:45:37 PM : Inserting entity with GID (0000000600000003).
7/19/2025 6:45:37 PM : Inserting entity with GID (0000000500000001).
7/19/2025 6:45:37 PM : Inserting entity with GID (0000000500000002).
7/19/2025 6:45:37 PM : Inserting entity with GID (0000000400000001).
7/19/2025 6:45:37 PM : Inserting entity with GID (0000000400000002).
7/19/2025 6:45:37 PM : Inserting entity with GID (0000000300000001).
7/19/2025 6:45:37 PM : Inserting entity with GID (0000000300000002).
7/19/2025 6:45:37 PM : Inserting entity with GID (0000000300000003).
7/19/2025 6:45:37 PM : Inserting entity with GID (0000000200000001).
7/19/2025 6:45:37 PM : Inserting entity with GID (0000000200000002).
7/19/2025 6:45:37 PM : Inserting entity with GID (0000000200000003).
7/19/2025 6:45:37 PM : Inserting entity with GID (0000000100000002).
7/19/2025 6:45:37 PM : Inserting entity with GID (0000000100000003).
7/19/2025 6:45:37 PM : Inserting entity with GID (0000000100000004).
7/19/2025 6:45:37 PM : Inserting entity with GID (0000000600000004).
7/19/2025 6:45:37 PM : Inserting entity with GID (0000000600000005).
7/19/2025 6:45:37 PM : Inserting entity with GID (0000000600000006).
7/19/2025 6:45:37 PM : Inserting entity with GID (0000000500000003).
7/19/2025 6:45:37 PM : Inserting entity with GID (0000000500000004).
7/19/2025 6:45:37 PM : Inserting entity with GID (0000000400000003).
7/19/2025 6:45:37 PM : Inserting entity with GID (0000000400000004).
7/19/2025 6:45:37 PM : Inserting entity with GID (0000000300000004).
7/19/2025 6:45:37 PM : Inserting entity with GID (0000000300000005).
7/19/2025 6:45:37 PM : Inserting entity with GID (0000000300000006).
7/19/2025 6:45:37 PM : Inserting entity with GID (0000000200000004).
7/19/2025 6:45:37 PM : Inserting entity with GID (0000000200000005).
7/19/2025 6:45:37 PM : Inserting entity with GID (0000000200000006).
7/19/2025 6:45:37 PM : Inserting entity with GID (0000000100000005).
7/19/2025 6:45:37 PM : Inserting entity with GID (0000000100000006).
7/19/2025 6:45:37 PM : Inserting entity with GID (0000000100000007).
7/19/2025 6:45:37 PM : Inserting entity with GID (0000000600000007).
7/19/2025 6:45:37 PM : Inserting entity with GID (0000000600000008).
7/19/2025 6:45:37 PM : Inserting entity with GID (0000000600000009).
7/19/2025 6:45:37 PM : Inserting entity with GID (0000000500000005).
7/19/2025 6:45:37 PM : Inserting entity with GID (0000000500000006).
7/19/2025 6:45:37 PM : Inserting entity with GID (0000000400000005).
7/19/2025 6:45:37 PM : Inserting entity with GID (0000000400000006).
7/19/2025 6:45:37 PM : Inserting entity with GID (0000000300000007).
7/19/2025 6:45:37 PM : Inserting entity with GID (0000000300000008).
7/19/2025 6:45:37 PM : Inserting entity with GID (0000000300000009).
7/19/2025 6:45:37 PM : Inserting entity with GID (0000000200000007).
7/19/2025 6:45:37 PM : Inserting entity with GID (0000000200000008).
7/19/2025 6:45:37 PM : Inserting entity with GID (0000000200000009).
7/19/2025 6:45:37 PM : Inserting entity with GID (0000000100000008).
7/19/2025 6:45:37 PM : Inserting entity with GID (0000000100000009).
7/19/2025 6:45:37 PM : Inserting entity with GID (000000010000000a).
7/19/2025 6:45:37 PM : Inserting entity with GID (000000060000000a).
7/19/2025 6:45:37 PM : Inserting entity with GID (000000060000000b).
7/19/2025 6:45:37 PM : Inserting entity with GID (000000060000000c).
7/19/2025 6:45:37 PM : Inserting entity with GID (0000000500000007).
7/19/2025 6:45:37 PM : Inserting entity with GID (0000000500000008).
7/19/2025 6:45:37 PM : Inserting entity with GID (0000000400000007).
7/19/2025 6:45:37 PM : Inserting entity with GID (0000000400000008).
7/19/2025 6:45:37 PM : Inserting entity with GID (000000030000000a).
7/19/2025 6:45:37 PM : Inserting entity with GID (000000030000000b).
7/19/2025 6:45:37 PM : Inserting entity with GID (000000030000000c).
7/19/2025 6:45:37 PM : Inserting entity with GID (000000020000000a).
7/19/2025 6:45:37 PM : Inserting entity with GID (000000020000000b).
7/19/2025 6:45:37 PM : Inserting entity with GID (000000020000000c).
7/19/2025 6:45:37 PM : Inserting entity with GID (000000010000000b).
7/19/2025 6:45:37 PM : Inserting entity with GID (000000010000000c).
7/19/2025 6:45:37 PM : Inserting entity with GID (000000010000000d).
7/19/2025 6:45:37 PM : Inserting entity with GID (000000060000000d).
7/19/2025 6:45:37 PM : Inserting entity with GID (000000060000000e).
7/19/2025 6:45:37 PM : Inserting entity with GID (000000060000000f).
7/19/2025 6:45:37 PM : Inserting entity with GID (0000000500000009).
7/19/2025 6:45:37 PM : Inserting entity with GID (000000050000000a).
7/19/2025 6:45:37 PM : Inserting entity with GID (0000000400000009).
7/19/2025 6:45:37 PM : Inserting entity with GID (000000040000000a).
7/19/2025 6:45:37 PM : Inserting entity with GID (000000030000000d).
7/19/2025 6:45:37 PM : Inserting entity with GID (000000030000000e).
7/19/2025 6:45:37 PM : Inserting entity with GID (000000030000000f).
7/19/2025 6:45:37 PM : Inserting entity with GID (000000020000000d).
7/19/2025 6:45:37 PM : Inserting entity with GID (000000020000000e).
7/19/2025 6:45:37 PM : Inserting entity with GID (000000020000000f).
7/19/2025 6:45:37 PM : Inserting entity with GID (000000010000000e).
7/19/2025 6:45:37 PM : Inserting entity with GID (000000010000000f).
7/19/2025 6:45:37 PM : Inserting entity with GID (0000000100000010).
7/19/2025 6:45:37 PM : Inserting entity with GID (0000000600000010).
7/19/2025 6:45:37 PM : Inserting entity with GID (0000000600000011).
7/19/2025 6:45:37 PM : Inserting entity with GID (0000000600000012).
7/19/2025 6:45:37 PM : Inserting entity with GID (000000050000000b).
7/19/2025 6:45:37 PM : Inserting entity with GID (000000050000000c).
7/19/2025 6:45:37 PM : Inserting entity with GID (000000040000000b).
7/19/2025 6:45:37 PM : Inserting entity with GID (000000040000000c).
7/19/2025 6:45:37 PM : Inserting entity with GID (0000000300000010).
7/19/2025 6:45:37 PM : Inserting entity with GID (0000000300000011).
7/19/2025 6:45:37 PM : Inserting entity with GID (0000000300000012).
7/19/2025 6:45:37 PM : Inserting entity with GID (0000000200000010).
7/19/2025 6:45:37 PM : Inserting entity with GID (0000000200000011).
7/19/2025 6:45:37 PM : Inserting entity with GID (0000000200000012).
7/19/2025 6:45:37 PM : Inserting entity with GID (0000000100000011).
7/19/2025 6:45:37 PM : Inserting entity with GID (0000000100000012).
7/19/2025 6:45:37 PM : Inserting entity with GID (0000000100000013).
7/19/2025 6:45:37 PM : Inserting entity with GID (0000000600000013).
7/19/2025 6:45:37 PM : Inserting entity with GID (0000000600000014).
7/19/2025 6:45:37 PM : Inserting entity with GID (0000000600000015).
7/19/2025 6:45:37 PM : Inserting entity with GID (000000050000000d).
7/19/2025 6:45:37 PM : Inserting entity with GID (000000050000000e).
7/19/2025 6:45:37 PM : Inserting entity with GID (000000040000000d).
7/19/2025 6:45:37 PM : Inserting entity with GID (000000040000000e).
7/19/2025 6:45:37 PM : Inserting entity with GID (0000000300000013).
7/19/2025 6:45:37 PM : Inserting entity with GID (0000000300000014).
7/19/2025 6:45:37 PM : Inserting entity with GID (0000000300000015).
7/19/2025 6:45:37 PM : Inserting entity with GID (0000000200000013).
7/19/2025 6:45:37 PM : Inserting entity with GID (0000000200000014).
7/19/2025 6:45:37 PM : Inserting entity with GID (0000000200000015).
7/19/2025 6:45:37 PM : Inserting entity with GID (0000000100000014).
7/19/2025 6:45:37 PM : Inserting entity with GID (0000000100000015).
7/19/2025 6:45:37 PM : Inserting entity with GID (0000000100000016).
7/19/2025 6:45:37 PM : Inserting entity with GID (0000000600000016).
7/19/2025 6:45:37 PM : Inserting entity with GID (0000000600000017).
7/19/2025 6:45:37 PM : Inserting entity with GID (0000000600000018).
7/19/2025 6:45:37 PM : Inserting entity with GID (000000050000000f).
7/19/2025 6:45:37 PM : Inserting entity with GID (0000000500000010).
7/19/2025 6:45:37 PM : Inserting entity with GID (000000040000000f).
7/19/2025 6:45:37 PM : Inserting entity with GID (0000000400000010).
7/19/2025 6:45:37 PM : Inserting entity with GID (0000000300000016).
7/19/2025 6:45:37 PM : Inserting entity with GID (0000000300000017).
7/19/2025 6:45:37 PM : Inserting entity with GID (0000000300000018).
7/19/2025 6:45:37 PM : Inserting entity with GID (0000000200000016).
7/19/2025 6:45:37 PM : Inserting entity with GID (0000000200000017).
7/19/2025 6:45:37 PM : Inserting entity with GID (0000000200000018).
7/19/2025 6:45:37 PM : Inserting entity with GID (0000000100000017).
7/19/2025 6:45:37 PM : Inserting entity with GID (0000000100000018).
7/19/2025 6:45:37 PM : Inserting entity with GID (0000000100000019).
7/19/2025 6:45:37 PM : Inserting entity with GID (0000000600000019).
7/19/2025 6:45:37 PM : Inserting entity with GID (000000060000001a).
7/19/2025 6:45:37 PM : Inserting entity with GID (000000060000001b).
7/19/2025 6:45:37 PM : Inserting entity with GID (0000000500000011).
7/19/2025 6:45:37 PM : Inserting entity with GID (0000000500000012).
7/19/2025 6:45:37 PM : Inserting entity with GID (0000000400000011).
7/19/2025 6:45:37 PM : Inserting entity with GID (0000000400000012).
7/19/2025 6:45:37 PM : Inserting entity with GID (0000000300000019).
7/19/2025 6:45:37 PM : Inserting entity with GID (000000030000001a).
7/19/2025 6:45:37 PM : Inserting entity with GID (000000030000001b).
7/19/2025 6:45:37 PM : Inserting entity with GID (0000000200000019).
7/19/2025 6:45:37 PM : Inserting entity with GID (000000020000001a).
7/19/2025 6:45:37 PM : Inserting entity with GID (000000020000001b).
7/19/2025 6:45:37 PM : Inserting entity with GID (000000010000001a).
7/19/2025 6:45:37 PM : Inserting entity with GID (000000010000001b).
7/19/2025 6:45:37 PM : Inserting entity with GID (000000010000001c).
7/19/2025 6:45:37 PM : Inserting entity with GID (000000060000001c).
7/19/2025 6:45:37 PM : Inserting entity with GID (000000060000001d).
7/19/2025 6:45:37 PM : Inserting entity with GID (000000060000001e).
7/19/2025 6:45:37 PM : Inserting entity with GID (0000000500000013).
7/19/2025 6:45:38 PM : Inserting entity with GID (0000000500000014).
7/19/2025 6:45:38 PM : Inserting entity with GID (0000000400000013).
7/19/2025 6:45:38 PM : Inserting entity with GID (0000000400000014).
7/19/2025 6:45:38 PM : Inserting entity with GID (000000030000001c).
7/19/2025 6:45:38 PM : Inserting entity with GID (000000030000001d).
7/19/2025 6:45:38 PM : Inserting entity with GID (000000030000001e).
7/19/2025 6:45:38 PM : Inserting entity with GID (000000020000001c).
7/19/2025 6:45:38 PM : Inserting entity with GID (000000020000001d).
7/19/2025 6:45:38 PM : Inserting entity with GID (000000020000001e).
7/19/2025 6:45:38 PM : Inserting entity with GID (000000010000001d).
7/19/2025 6:45:38 PM : Inserting entity with GID (000000010000001e).
7/19/2025 6:45:38 PM : Inserting entity with GID (000000010000001f).
7/19/2025 6:45:38 PM : Inserting entity with GID (000000060000001f).
7/19/2025 6:45:38 PM : Inserting entity with GID (0000000600000020).
7/19/2025 6:45:38 PM : Inserting entity with GID (0000000600000021).
7/19/2025 6:45:38 PM : Inserting entity with GID (0000000500000015).
7/19/2025 6:45:38 PM : Inserting entity with GID (0000000500000016).
7/19/2025 6:45:38 PM : Inserting entity with GID (0000000400000015).
7/19/2025 6:45:38 PM : Inserting entity with GID (0000000400000016).
7/19/2025 6:45:38 PM : Inserting entity with GID (000000030000001f).
7/19/2025 6:45:38 PM : Inserting entity with GID (0000000300000020).
7/19/2025 6:45:38 PM : Inserting entity with GID (0000000300000021).
7/19/2025 6:45:38 PM : Inserting entity with GID (000000020000001f).
7/19/2025 6:45:38 PM : Inserting entity with GID (0000000200000020).
7/19/2025 6:45:38 PM : Inserting entity with GID (0000000200000021).
7/19/2025 6:45:38 PM : Inserting entity with GID (0000000100000020).
7/19/2025 6:45:38 PM : Inserting entity with GID (0000000100000021).
7/19/2025 6:45:38 PM : Inserting entity with GID (0000000100000022).
7/19/2025 6:45:39 PM : The WCF service GenericDataAccess is ready.
7/19/2025 6:45:39 PM : Endpoints:
7/19/2025 6:45:39 PM : net.tcp://localhost:10000/NetworkModelService/GDA/
7/19/2025 6:45:39 PM : Connection string: ../NetworkModelData.data
7/19/2025 6:45:39 PM : Trace level: Info
7/19/2025 6:45:39 PM : The Network Model Service is started.
7/19/2025 6:45:39 PM : Press <Enter> to stop the service.
7/19/2025 6:47:15 PM : Starting Network Model Service...
7/19/2025 6:47:16 PM : Inserting entity with GID (0000000100000001).
7/19/2025 6:47:16 PM : Failed to insert entity (GID = 0x0000000100000001) into model. Index (zero based) must be greater than or equal to zero and less than the size of the argument list.
7/19/2025 6:47:16 PM : Error while applying delta (id = 1) during service initialization. Failed to insert entity (GID = 0x0000000100000001) into model. Index (zero based) must be greater than or equal to zero and less than the size of the argument list.
7/19/2025 6:47:16 PM : Inserting entity with GID (0000000600000001).
7/19/2025 6:47:16 PM : Inserting entity with GID (0000000600000002).
7/19/2025 6:47:16 PM : Inserting entity with GID (0000000600000003).
7/19/2025 6:47:16 PM : Inserting entity with GID (0000000500000001).
7/19/2025 6:47:16 PM : Inserting entity with GID (0000000500000002).
7/19/2025 6:47:16 PM : Inserting entity with GID (0000000400000001).
7/19/2025 6:47:16 PM : Inserting entity with GID (0000000400000002).
7/19/2025 6:47:16 PM : Inserting entity with GID (0000000300000001).
7/19/2025 6:47:16 PM : Inserting entity with GID (0000000300000002).
7/19/2025 6:47:16 PM : Inserting entity with GID (0000000300000003).
7/19/2025 6:47:16 PM : Inserting entity with GID (0000000200000001).
7/19/2025 6:47:16 PM : Inserting entity with GID (0000000200000002).
7/19/2025 6:47:16 PM : Inserting entity with GID (0000000200000003).
7/19/2025 6:47:16 PM : Inserting entity with GID (0000000100000002).
7/19/2025 6:47:16 PM : Inserting entity with GID (0000000100000003).
7/19/2025 6:47:16 PM : Inserting entity with GID (0000000100000004).
7/19/2025 6:47:16 PM : Inserting entity with GID (0000000600000004).
7/19/2025 6:47:16 PM : Inserting entity with GID (0000000600000005).
7/19/2025 6:47:16 PM : Inserting entity with GID (0000000600000006).
7/19/2025 6:47:16 PM : Inserting entity with GID (0000000500000003).
7/19/2025 6:47:16 PM : Inserting entity with GID (0000000500000004).
7/19/2025 6:47:16 PM : Inserting entity with GID (0000000400000003).
7/19/2025 6:47:16 PM : Inserting entity with GID (0000000400000004).
7/19/2025 6:47:16 PM : Inserting entity with GID (0000000300000004).
7/19/2025 6:47:16 PM : Inserting entity with GID (0000000300000005).
7/19/2025 6:47:16 PM : Inserting entity with GID (0000000300000006).
7/19/2025 6:47:16 PM : Inserting entity with GID (0000000200000004).
7/19/2025 6:47:16 PM : Inserting entity with GID (0000000200000005).
7/19/2025 6:47:16 PM : Inserting entity with GID (0000000200000006).
7/19/2025 6:47:16 PM : Inserting entity with GID (0000000100000005).
7/19/2025 6:47:16 PM : Inserting entity with GID (0000000100000006).
7/19/2025 6:47:16 PM : Inserting entity with GID (0000000100000007).
7/19/2025 6:47:16 PM : Inserting entity with GID (0000000600000007).
7/19/2025 6:47:16 PM : Inserting entity with GID (0000000600000008).
7/19/2025 6:47:16 PM : Inserting entity with GID (0000000600000009).
7/19/2025 6:47:16 PM : Inserting entity with GID (0000000500000005).
7/19/2025 6:47:16 PM : Inserting entity with GID (0000000500000006).
7/19/2025 6:47:16 PM : Inserting entity with GID (0000000400000005).
7/19/2025 6:47:16 PM : Inserting entity with GID (0000000400000006).
7/19/2025 6:47:16 PM : Inserting entity with GID (0000000300000007).
7/19/2025 6:47:16 PM : Inserting entity with GID (0000000300000008).
7/19/2025 6:47:16 PM : Inserting entity with GID (0000000300000009).
7/19/2025 6:47:16 PM : Inserting entity with GID (0000000200000007).
7/19/2025 6:47:16 PM : Inserting entity with GID (0000000200000008).
7/19/2025 6:47:16 PM : Inserting entity with GID (0000000200000009).
7/19/2025 6:47:16 PM : Inserting entity with GID (0000000100000008).
7/19/2025 6:47:16 PM : Inserting entity with GID (0000000100000009).
7/19/2025 6:47:16 PM : Inserting entity with GID (000000010000000a).
7/19/2025 6:47:16 PM : Inserting entity with GID (000000060000000a).
7/19/2025 6:47:16 PM : Inserting entity with GID (000000060000000b).
7/19/2025 6:47:16 PM : Inserting entity with GID (000000060000000c).
7/19/2025 6:47:16 PM : Inserting entity with GID (0000000500000007).
7/19/2025 6:47:16 PM : Inserting entity with GID (0000000500000008).
7/19/2025 6:47:16 PM : Inserting entity with GID (0000000400000007).
7/19/2025 6:47:16 PM : Inserting entity with GID (0000000400000008).
7/19/2025 6:47:16 PM : Inserting entity with GID (000000030000000a).
7/19/2025 6:47:16 PM : Inserting entity with GID (000000030000000b).
7/19/2025 6:47:16 PM : Inserting entity with GID (000000030000000c).
7/19/2025 6:47:16 PM : Inserting entity with GID (000000020000000a).
7/19/2025 6:47:16 PM : Inserting entity with GID (000000020000000b).
7/19/2025 6:47:16 PM : Inserting entity with GID (000000020000000c).
7/19/2025 6:47:16 PM : Inserting entity with GID (000000010000000b).
7/19/2025 6:47:16 PM : Inserting entity with GID (000000010000000c).
7/19/2025 6:47:16 PM : Inserting entity with GID (000000010000000d).
7/19/2025 6:47:16 PM : Inserting entity with GID (000000060000000d).
7/19/2025 6:47:16 PM : Inserting entity with GID (000000060000000e).
7/19/2025 6:47:16 PM : Inserting entity with GID (000000060000000f).
7/19/2025 6:47:16 PM : Inserting entity with GID (0000000500000009).
7/19/2025 6:47:16 PM : Inserting entity with GID (000000050000000a).
7/19/2025 6:47:16 PM : Inserting entity with GID (0000000400000009).
7/19/2025 6:47:16 PM : Inserting entity with GID (000000040000000a).
7/19/2025 6:47:16 PM : Inserting entity with GID (000000030000000d).
7/19/2025 6:47:16 PM : Inserting entity with GID (000000030000000e).
7/19/2025 6:47:16 PM : Inserting entity with GID (000000030000000f).
7/19/2025 6:47:16 PM : Inserting entity with GID (000000020000000d).
7/19/2025 6:47:16 PM : Inserting entity with GID (000000020000000e).
7/19/2025 6:47:16 PM : Inserting entity with GID (000000020000000f).
7/19/2025 6:47:16 PM : Inserting entity with GID (000000010000000e).
7/19/2025 6:47:16 PM : Inserting entity with GID (000000010000000f).
7/19/2025 6:47:16 PM : Inserting entity with GID (0000000100000010).
7/19/2025 6:47:16 PM : Inserting entity with GID (0000000600000010).
7/19/2025 6:47:16 PM : Inserting entity with GID (0000000600000011).
7/19/2025 6:47:16 PM : Inserting entity with GID (0000000600000012).
7/19/2025 6:47:16 PM : Inserting entity with GID (000000050000000b).
7/19/2025 6:47:16 PM : Inserting entity with GID (000000050000000c).
7/19/2025 6:47:16 PM : Inserting entity with GID (000000040000000b).
7/19/2025 6:47:16 PM : Inserting entity with GID (000000040000000c).
7/19/2025 6:47:16 PM : Inserting entity with GID (0000000300000010).
7/19/2025 6:47:16 PM : Inserting entity with GID (0000000300000011).
7/19/2025 6:47:16 PM : Inserting entity with GID (0000000300000012).
7/19/2025 6:47:16 PM : Inserting entity with GID (0000000200000010).
7/19/2025 6:47:16 PM : Inserting entity with GID (0000000200000011).
7/19/2025 6:47:16 PM : Inserting entity with GID (0000000200000012).
7/19/2025 6:47:16 PM : Inserting entity with GID (0000000100000011).
7/19/2025 6:47:16 PM : Inserting entity with GID (0000000100000012).
7/19/2025 6:47:16 PM : Inserting entity with GID (0000000100000013).
7/19/2025 6:47:16 PM : Inserting entity with GID (0000000600000013).
7/19/2025 6:47:16 PM : Inserting entity with GID (0000000600000014).
7/19/2025 6:47:16 PM : Inserting entity with GID (0000000600000015).
7/19/2025 6:47:16 PM : Inserting entity with GID (000000050000000d).
7/19/2025 6:47:16 PM : Inserting entity with GID (000000050000000e).
7/19/2025 6:47:16 PM : Inserting entity with GID (000000040000000d).
7/19/2025 6:47:16 PM : Inserting entity with GID (000000040000000e).
7/19/2025 6:47:16 PM : Inserting entity with GID (0000000300000013).
7/19/2025 6:47:16 PM : Inserting entity with GID (0000000300000014).
7/19/2025 6:47:16 PM : Inserting entity with GID (0000000300000015).
7/19/2025 6:47:16 PM : Inserting entity with GID (0000000200000013).
7/19/2025 6:47:16 PM : Inserting entity with GID (0000000200000014).
7/19/2025 6:47:16 PM : Inserting entity with GID (0000000200000015).
7/19/2025 6:47:16 PM : Inserting entity with GID (0000000100000014).
7/19/2025 6:47:16 PM : Inserting entity with GID (0000000100000015).
7/19/2025 6:47:16 PM : Inserting entity with GID (0000000100000016).
7/19/2025 6:47:16 PM : Inserting entity with GID (0000000600000016).
7/19/2025 6:47:16 PM : Inserting entity with GID (0000000600000017).
7/19/2025 6:47:16 PM : Inserting entity with GID (0000000600000018).
7/19/2025 6:47:16 PM : Inserting entity with GID (000000050000000f).
7/19/2025 6:47:16 PM : Inserting entity with GID (0000000500000010).
7/19/2025 6:47:16 PM : Inserting entity with GID (000000040000000f).
7/19/2025 6:47:16 PM : Inserting entity with GID (0000000400000010).
7/19/2025 6:47:16 PM : Inserting entity with GID (0000000300000016).
7/19/2025 6:47:16 PM : Inserting entity with GID (0000000300000017).
7/19/2025 6:47:16 PM : Inserting entity with GID (0000000300000018).
7/19/2025 6:47:16 PM : Inserting entity with GID (0000000200000016).
7/19/2025 6:47:16 PM : Inserting entity with GID (0000000200000017).
7/19/2025 6:47:16 PM : Inserting entity with GID (0000000200000018).
7/19/2025 6:47:16 PM : Inserting entity with GID (0000000100000017).
7/19/2025 6:47:16 PM : Inserting entity with GID (0000000100000018).
7/19/2025 6:47:16 PM : Inserting entity with GID (0000000100000019).
7/19/2025 6:47:16 PM : Inserting entity with GID (0000000600000019).
7/19/2025 6:47:16 PM : Inserting entity with GID (000000060000001a).
7/19/2025 6:47:16 PM : Inserting entity with GID (000000060000001b).
7/19/2025 6:47:16 PM : Inserting entity with GID (0000000500000011).
7/19/2025 6:47:16 PM : Inserting entity with GID (0000000500000012).
7/19/2025 6:47:16 PM : Inserting entity with GID (0000000400000011).
7/19/2025 6:47:16 PM : Inserting entity with GID (0000000400000012).
7/19/2025 6:47:16 PM : Inserting entity with GID (0000000300000019).
7/19/2025 6:47:16 PM : Inserting entity with GID (000000030000001a).
7/19/2025 6:47:16 PM : Inserting entity with GID (000000030000001b).
7/19/2025 6:47:16 PM : Inserting entity with GID (0000000200000019).
7/19/2025 6:47:16 PM : Inserting entity with GID (000000020000001a).
7/19/2025 6:47:16 PM : Inserting entity with GID (000000020000001b).
7/19/2025 6:47:16 PM : Inserting entity with GID (000000010000001a).
7/19/2025 6:47:16 PM : Inserting entity with GID (000000010000001b).
7/19/2025 6:47:16 PM : Inserting entity with GID (000000010000001c).
7/19/2025 6:47:16 PM : Inserting entity with GID (000000060000001c).
7/19/2025 6:47:16 PM : Inserting entity with GID (000000060000001d).
7/19/2025 6:47:16 PM : Inserting entity with GID (000000060000001e).
7/19/2025 6:47:16 PM : Inserting entity with GID (0000000500000013).
7/19/2025 6:47:16 PM : Inserting entity with GID (0000000500000014).
7/19/2025 6:47:16 PM : Inserting entity with GID (0000000400000013).
7/19/2025 6:47:16 PM : Inserting entity with GID (0000000400000014).
7/19/2025 6:47:16 PM : Inserting entity with GID (000000030000001c).
7/19/2025 6:47:16 PM : Inserting entity with GID (000000030000001d).
7/19/2025 6:47:16 PM : Inserting entity with GID (000000030000001e).
7/19/2025 6:47:16 PM : Inserting entity with GID (000000020000001c).
7/19/2025 6:47:16 PM : Inserting entity with GID (000000020000001d).
7/19/2025 6:47:16 PM : Inserting entity with GID (000000020000001e).
7/19/2025 6:47:16 PM : Inserting entity with GID (000000010000001d).
7/19/2025 6:47:16 PM : Inserting entity with GID (000000010000001e).
7/19/2025 6:47:16 PM : Inserting entity with GID (000000010000001f).
7/19/2025 6:47:16 PM : Inserting entity with GID (000000060000001f).
7/19/2025 6:47:16 PM : Inserting entity with GID (0000000600000020).
7/19/2025 6:47:16 PM : Inserting entity with GID (0000000600000021).
7/19/2025 6:47:16 PM : Inserting entity with GID (0000000500000015).
7/19/2025 6:47:16 PM : Inserting entity with GID (0000000500000016).
7/19/2025 6:47:16 PM : Inserting entity with GID (0000000400000015).
7/19/2025 6:47:16 PM : Inserting entity with GID (0000000400000016).
7/19/2025 6:47:16 PM : Inserting entity with GID (000000030000001f).
7/19/2025 6:47:16 PM : Inserting entity with GID (0000000300000020).
7/19/2025 6:47:16 PM : Inserting entity with GID (0000000300000021).
7/19/2025 6:47:16 PM : Inserting entity with GID (000000020000001f).
7/19/2025 6:47:16 PM : Inserting entity with GID (0000000200000020).
7/19/2025 6:47:16 PM : Inserting entity with GID (0000000200000021).
7/19/2025 6:47:16 PM : Inserting entity with GID (0000000100000020).
7/19/2025 6:47:16 PM : Inserting entity with GID (0000000100000021).
7/19/2025 6:47:16 PM : Inserting entity with GID (0000000100000022).
7/19/2025 6:47:17 PM : The WCF service GenericDataAccess is ready.
7/19/2025 6:47:17 PM : Endpoints:
7/19/2025 6:47:17 PM : net.tcp://localhost:10000/NetworkModelService/GDA/
7/19/2025 6:47:17 PM : Connection string: ../NetworkModelData.data
7/19/2025 6:47:17 PM : Trace level: Info
7/19/2025 6:47:17 PM : The Network Model Service is started.
7/19/2025 6:47:17 PM : Press <Enter> to stop the service.
7/19/2025 6:47:33 PM : Applying  delta to network model.
7/19/2025 6:47:33 PM : Inserting entity with GID (0000000600000022).
7/19/2025 6:47:33 PM : Inserting entity with GID (0000000600000023).
7/19/2025 6:47:33 PM : Inserting entity with GID (0000000600000024).
7/19/2025 6:47:33 PM : Inserting entity with GID (0000000500000017).
7/19/2025 6:47:33 PM : Inserting entity with GID (0000000500000018).
7/19/2025 6:47:33 PM : Inserting entity with GID (0000000400000017).
7/19/2025 6:47:33 PM : Inserting entity with GID (0000000400000018).
7/19/2025 6:47:33 PM : Inserting entity with GID (0000000300000022).
7/19/2025 6:47:33 PM : Inserting entity with GID (0000000300000023).
7/19/2025 6:47:33 PM : Inserting entity with GID (0000000300000024).
7/19/2025 6:47:33 PM : Inserting entity with GID (0000000200000022).
7/19/2025 6:47:33 PM : Inserting entity with GID (0000000200000023).
7/19/2025 6:47:33 PM : Inserting entity with GID (0000000200000024).
7/19/2025 6:47:33 PM : Inserting entity with GID (0000000100000023).
7/19/2025 6:47:33 PM : Inserting entity with GID (0000000100000024).
7/19/2025 6:47:33 PM : Inserting entity with GID (0000000100000025).
7/19/2025 6:47:33 PM : Applying delta to network model successfully finished.
7/19/2025 6:51:56 PM : Starting Network Model Service...
7/19/2025 6:51:56 PM : Inserting entity with GID (0000000100000001).
7/19/2025 6:51:56 PM : Failed to insert entity (GID = 0x0000000100000001) into model. Index (zero based) must be greater than or equal to zero and less than the size of the argument list.
7/19/2025 6:51:56 PM : Error while applying delta (id = 1) during service initialization. Failed to insert entity (GID = 0x0000000100000001) into model. Index (zero based) must be greater than or equal to zero and less than the size of the argument list.
7/19/2025 6:51:56 PM : Inserting entity with GID (0000000600000001).
7/19/2025 6:51:56 PM : Inserting entity with GID (0000000600000002).
7/19/2025 6:51:56 PM : Inserting entity with GID (0000000600000003).
7/19/2025 6:51:56 PM : Inserting entity with GID (0000000500000001).
7/19/2025 6:51:56 PM : Inserting entity with GID (0000000500000002).
7/19/2025 6:51:56 PM : Inserting entity with GID (0000000400000001).
7/19/2025 6:51:56 PM : Inserting entity with GID (0000000400000002).
7/19/2025 6:51:56 PM : Inserting entity with GID (0000000300000001).
7/19/2025 6:51:56 PM : Inserting entity with GID (0000000300000002).
7/19/2025 6:51:56 PM : Inserting entity with GID (0000000300000003).
7/19/2025 6:51:56 PM : Inserting entity with GID (0000000200000001).
7/19/2025 6:51:56 PM : Inserting entity with GID (0000000200000002).
7/19/2025 6:51:56 PM : Inserting entity with GID (0000000200000003).
7/19/2025 6:51:56 PM : Inserting entity with GID (0000000100000002).
7/19/2025 6:51:56 PM : Inserting entity with GID (0000000100000003).
7/19/2025 6:51:56 PM : Inserting entity with GID (0000000100000004).
7/19/2025 6:51:56 PM : Inserting entity with GID (0000000600000004).
7/19/2025 6:51:56 PM : Inserting entity with GID (0000000600000005).
7/19/2025 6:51:56 PM : Inserting entity with GID (0000000600000006).
7/19/2025 6:51:56 PM : Inserting entity with GID (0000000500000003).
7/19/2025 6:51:56 PM : Inserting entity with GID (0000000500000004).
7/19/2025 6:51:56 PM : Inserting entity with GID (0000000400000003).
7/19/2025 6:51:56 PM : Inserting entity with GID (0000000400000004).
7/19/2025 6:51:56 PM : Inserting entity with GID (0000000300000004).
7/19/2025 6:51:56 PM : Inserting entity with GID (0000000300000005).
7/19/2025 6:51:56 PM : Inserting entity with GID (0000000300000006).
7/19/2025 6:51:56 PM : Inserting entity with GID (0000000200000004).
7/19/2025 6:51:56 PM : Inserting entity with GID (0000000200000005).
7/19/2025 6:51:56 PM : Inserting entity with GID (0000000200000006).
7/19/2025 6:51:56 PM : Inserting entity with GID (0000000100000005).
7/19/2025 6:51:56 PM : Inserting entity with GID (0000000100000006).
7/19/2025 6:51:56 PM : Inserting entity with GID (0000000100000007).
7/19/2025 6:51:56 PM : Inserting entity with GID (0000000600000007).
7/19/2025 6:51:56 PM : Inserting entity with GID (0000000600000008).
7/19/2025 6:51:56 PM : Inserting entity with GID (0000000600000009).
7/19/2025 6:51:56 PM : Inserting entity with GID (0000000500000005).
7/19/2025 6:51:56 PM : Inserting entity with GID (0000000500000006).
7/19/2025 6:51:56 PM : Inserting entity with GID (0000000400000005).
7/19/2025 6:51:56 PM : Inserting entity with GID (0000000400000006).
7/19/2025 6:51:56 PM : Inserting entity with GID (0000000300000007).
7/19/2025 6:51:56 PM : Inserting entity with GID (0000000300000008).
7/19/2025 6:51:56 PM : Inserting entity with GID (0000000300000009).
7/19/2025 6:51:56 PM : Inserting entity with GID (0000000200000007).
7/19/2025 6:51:56 PM : Inserting entity with GID (0000000200000008).
7/19/2025 6:51:56 PM : Inserting entity with GID (0000000200000009).
7/19/2025 6:51:56 PM : Inserting entity with GID (0000000100000008).
7/19/2025 6:51:56 PM : Inserting entity with GID (0000000100000009).
7/19/2025 6:51:56 PM : Inserting entity with GID (000000010000000a).
7/19/2025 6:51:56 PM : Inserting entity with GID (000000060000000a).
7/19/2025 6:51:56 PM : Inserting entity with GID (000000060000000b).
7/19/2025 6:51:56 PM : Inserting entity with GID (000000060000000c).
7/19/2025 6:51:56 PM : Inserting entity with GID (0000000500000007).
7/19/2025 6:51:56 PM : Inserting entity with GID (0000000500000008).
7/19/2025 6:51:56 PM : Inserting entity with GID (0000000400000007).
7/19/2025 6:51:56 PM : Inserting entity with GID (0000000400000008).
7/19/2025 6:51:56 PM : Inserting entity with GID (000000030000000a).
7/19/2025 6:51:56 PM : Inserting entity with GID (000000030000000b).
7/19/2025 6:51:56 PM : Inserting entity with GID (000000030000000c).
7/19/2025 6:51:56 PM : Inserting entity with GID (000000020000000a).
7/19/2025 6:51:56 PM : Inserting entity with GID (000000020000000b).
7/19/2025 6:51:56 PM : Inserting entity with GID (000000020000000c).
7/19/2025 6:51:56 PM : Inserting entity with GID (000000010000000b).
7/19/2025 6:51:56 PM : Inserting entity with GID (000000010000000c).
7/19/2025 6:51:56 PM : Inserting entity with GID (000000010000000d).
7/19/2025 6:51:56 PM : Inserting entity with GID (000000060000000d).
7/19/2025 6:51:56 PM : Inserting entity with GID (000000060000000e).
7/19/2025 6:51:56 PM : Inserting entity with GID (000000060000000f).
7/19/2025 6:51:56 PM : Inserting entity with GID (0000000500000009).
7/19/2025 6:51:56 PM : Inserting entity with GID (000000050000000a).
7/19/2025 6:51:56 PM : Inserting entity with GID (0000000400000009).
7/19/2025 6:51:56 PM : Inserting entity with GID (000000040000000a).
7/19/2025 6:51:56 PM : Inserting entity with GID (000000030000000d).
7/19/2025 6:51:56 PM : Inserting entity with GID (000000030000000e).
7/19/2025 6:51:56 PM : Inserting entity with GID (000000030000000f).
7/19/2025 6:51:56 PM : Inserting entity with GID (000000020000000d).
7/19/2025 6:51:56 PM : Inserting entity with GID (000000020000000e).
7/19/2025 6:51:56 PM : Inserting entity with GID (000000020000000f).
7/19/2025 6:51:56 PM : Inserting entity with GID (000000010000000e).
7/19/2025 6:51:56 PM : Inserting entity with GID (000000010000000f).
7/19/2025 6:51:56 PM : Inserting entity with GID (0000000100000010).
7/19/2025 6:51:56 PM : Inserting entity with GID (0000000600000010).
7/19/2025 6:51:56 PM : Inserting entity with GID (0000000600000011).
7/19/2025 6:51:56 PM : Inserting entity with GID (0000000600000012).
7/19/2025 6:51:56 PM : Inserting entity with GID (000000050000000b).
7/19/2025 6:51:56 PM : Inserting entity with GID (000000050000000c).
7/19/2025 6:51:56 PM : Inserting entity with GID (000000040000000b).
7/19/2025 6:51:56 PM : Inserting entity with GID (000000040000000c).
7/19/2025 6:51:56 PM : Inserting entity with GID (0000000300000010).
7/19/2025 6:51:56 PM : Inserting entity with GID (0000000300000011).
7/19/2025 6:51:56 PM : Inserting entity with GID (0000000300000012).
7/19/2025 6:51:56 PM : Inserting entity with GID (0000000200000010).
7/19/2025 6:51:56 PM : Inserting entity with GID (0000000200000011).
7/19/2025 6:51:56 PM : Inserting entity with GID (0000000200000012).
7/19/2025 6:51:56 PM : Inserting entity with GID (0000000100000011).
7/19/2025 6:51:56 PM : Inserting entity with GID (0000000100000012).
7/19/2025 6:51:56 PM : Inserting entity with GID (0000000100000013).
7/19/2025 6:51:56 PM : Inserting entity with GID (0000000600000013).
7/19/2025 6:51:56 PM : Inserting entity with GID (0000000600000014).
7/19/2025 6:51:56 PM : Inserting entity with GID (0000000600000015).
7/19/2025 6:51:56 PM : Inserting entity with GID (000000050000000d).
7/19/2025 6:51:56 PM : Inserting entity with GID (000000050000000e).
7/19/2025 6:51:56 PM : Inserting entity with GID (000000040000000d).
7/19/2025 6:51:56 PM : Inserting entity with GID (000000040000000e).
7/19/2025 6:51:56 PM : Inserting entity with GID (0000000300000013).
7/19/2025 6:51:56 PM : Inserting entity with GID (0000000300000014).
7/19/2025 6:51:56 PM : Inserting entity with GID (0000000300000015).
7/19/2025 6:51:56 PM : Inserting entity with GID (0000000200000013).
7/19/2025 6:51:56 PM : Inserting entity with GID (0000000200000014).
7/19/2025 6:51:56 PM : Inserting entity with GID (0000000200000015).
7/19/2025 6:51:56 PM : Inserting entity with GID (0000000100000014).
7/19/2025 6:51:56 PM : Inserting entity with GID (0000000100000015).
7/19/2025 6:51:56 PM : Inserting entity with GID (0000000100000016).
7/19/2025 6:51:56 PM : Inserting entity with GID (0000000600000016).
7/19/2025 6:51:56 PM : Inserting entity with GID (0000000600000017).
7/19/2025 6:51:56 PM : Inserting entity with GID (0000000600000018).
7/19/2025 6:51:56 PM : Inserting entity with GID (000000050000000f).
7/19/2025 6:51:56 PM : Inserting entity with GID (0000000500000010).
7/19/2025 6:51:56 PM : Inserting entity with GID (000000040000000f).
7/19/2025 6:51:56 PM : Inserting entity with GID (0000000400000010).
7/19/2025 6:51:56 PM : Inserting entity with GID (0000000300000016).
7/19/2025 6:51:56 PM : Inserting entity with GID (0000000300000017).
7/19/2025 6:51:56 PM : Inserting entity with GID (0000000300000018).
7/19/2025 6:51:56 PM : Inserting entity with GID (0000000200000016).
7/19/2025 6:51:56 PM : Inserting entity with GID (0000000200000017).
7/19/2025 6:51:56 PM : Inserting entity with GID (0000000200000018).
7/19/2025 6:51:56 PM : Inserting entity with GID (0000000100000017).
7/19/2025 6:51:56 PM : Inserting entity with GID (0000000100000018).
7/19/2025 6:51:56 PM : Inserting entity with GID (0000000100000019).
7/19/2025 6:51:56 PM : Inserting entity with GID (0000000600000019).
7/19/2025 6:51:56 PM : Inserting entity with GID (000000060000001a).
7/19/2025 6:51:56 PM : Inserting entity with GID (000000060000001b).
7/19/2025 6:51:56 PM : Inserting entity with GID (0000000500000011).
7/19/2025 6:51:56 PM : Inserting entity with GID (0000000500000012).
7/19/2025 6:51:56 PM : Inserting entity with GID (0000000400000011).
7/19/2025 6:51:56 PM : Inserting entity with GID (0000000400000012).
7/19/2025 6:51:56 PM : Inserting entity with GID (0000000300000019).
7/19/2025 6:51:56 PM : Inserting entity with GID (000000030000001a).
7/19/2025 6:51:56 PM : Inserting entity with GID (000000030000001b).
7/19/2025 6:51:56 PM : Inserting entity with GID (0000000200000019).
7/19/2025 6:51:56 PM : Inserting entity with GID (000000020000001a).
7/19/2025 6:51:56 PM : Inserting entity with GID (000000020000001b).
7/19/2025 6:51:56 PM : Inserting entity with GID (000000010000001a).
7/19/2025 6:51:56 PM : Inserting entity with GID (000000010000001b).
7/19/2025 6:51:56 PM : Inserting entity with GID (000000010000001c).
7/19/2025 6:51:56 PM : Inserting entity with GID (000000060000001c).
7/19/2025 6:51:56 PM : Inserting entity with GID (000000060000001d).
7/19/2025 6:51:56 PM : Inserting entity with GID (000000060000001e).
7/19/2025 6:51:56 PM : Inserting entity with GID (0000000500000013).
7/19/2025 6:51:56 PM : Inserting entity with GID (0000000500000014).
7/19/2025 6:51:56 PM : Inserting entity with GID (0000000400000013).
7/19/2025 6:51:56 PM : Inserting entity with GID (0000000400000014).
7/19/2025 6:51:56 PM : Inserting entity with GID (000000030000001c).
7/19/2025 6:51:56 PM : Inserting entity with GID (000000030000001d).
7/19/2025 6:51:56 PM : Inserting entity with GID (000000030000001e).
7/19/2025 6:51:56 PM : Inserting entity with GID (000000020000001c).
7/19/2025 6:51:56 PM : Inserting entity with GID (000000020000001d).
7/19/2025 6:51:56 PM : Inserting entity with GID (000000020000001e).
7/19/2025 6:51:56 PM : Inserting entity with GID (000000010000001d).
7/19/2025 6:51:56 PM : Inserting entity with GID (000000010000001e).
7/19/2025 6:51:56 PM : Inserting entity with GID (000000010000001f).
7/19/2025 6:51:56 PM : Inserting entity with GID (000000060000001f).
7/19/2025 6:51:56 PM : Inserting entity with GID (0000000600000020).
7/19/2025 6:51:56 PM : Inserting entity with GID (0000000600000021).
7/19/2025 6:51:56 PM : Inserting entity with GID (0000000500000015).
7/19/2025 6:51:56 PM : Inserting entity with GID (0000000500000016).
7/19/2025 6:51:56 PM : Inserting entity with GID (0000000400000015).
7/19/2025 6:51:56 PM : Inserting entity with GID (0000000400000016).
7/19/2025 6:51:56 PM : Inserting entity with GID (000000030000001f).
7/19/2025 6:51:56 PM : Inserting entity with GID (0000000300000020).
7/19/2025 6:51:56 PM : Inserting entity with GID (0000000300000021).
7/19/2025 6:51:56 PM : Inserting entity with GID (000000020000001f).
7/19/2025 6:51:56 PM : Inserting entity with GID (0000000200000020).
7/19/2025 6:51:56 PM : Inserting entity with GID (0000000200000021).
7/19/2025 6:51:56 PM : Inserting entity with GID (0000000100000020).
7/19/2025 6:51:56 PM : Inserting entity with GID (0000000100000021).
7/19/2025 6:51:56 PM : Inserting entity with GID (0000000100000022).
7/19/2025 6:51:56 PM : Inserting entity with GID (0000000600000022).
7/19/2025 6:51:56 PM : Inserting entity with GID (0000000600000023).
7/19/2025 6:51:56 PM : Inserting entity with GID (0000000600000024).
7/19/2025 6:51:56 PM : Inserting entity with GID (0000000500000017).
7/19/2025 6:51:56 PM : Inserting entity with GID (0000000500000018).
7/19/2025 6:51:56 PM : Inserting entity with GID (0000000400000017).
7/19/2025 6:51:56 PM : Inserting entity with GID (0000000400000018).
7/19/2025 6:51:56 PM : Inserting entity with GID (0000000300000022).
7/19/2025 6:51:56 PM : Inserting entity with GID (0000000300000023).
7/19/2025 6:51:56 PM : Inserting entity with GID (0000000300000024).
7/19/2025 6:51:56 PM : Inserting entity with GID (0000000200000022).
7/19/2025 6:51:56 PM : Inserting entity with GID (0000000200000023).
7/19/2025 6:51:56 PM : Inserting entity with GID (0000000200000024).
7/19/2025 6:51:56 PM : Inserting entity with GID (0000000100000023).
7/19/2025 6:51:56 PM : Inserting entity with GID (0000000100000024).
7/19/2025 6:51:56 PM : Inserting entity with GID (0000000100000025).
7/19/2025 6:51:57 PM : The WCF service GenericDataAccess is ready.
7/19/2025 6:51:57 PM : Endpoints:
7/19/2025 6:51:57 PM : net.tcp://localhost:10000/NetworkModelService/GDA/
7/19/2025 6:51:57 PM : Connection string: ../NetworkModelData.data
7/19/2025 6:51:57 PM : Trace level: Info
7/19/2025 6:51:57 PM : The Network Model Service is started.
7/19/2025 6:51:57 PM : Press <Enter> to stop the service.
7/19/2025 6:52:15 PM : Applying  delta to network model.
7/19/2025 6:52:15 PM : Inserting entity with GID (0000000600000025).
7/19/2025 6:52:15 PM : Inserting entity with GID (0000000600000026).
7/19/2025 6:52:15 PM : Inserting entity with GID (0000000600000027).
7/19/2025 6:52:15 PM : Inserting entity with GID (0000000500000019).
7/19/2025 6:52:15 PM : Inserting entity with GID (000000050000001a).
7/19/2025 6:52:15 PM : Inserting entity with GID (0000000400000019).
7/19/2025 6:52:15 PM : Inserting entity with GID (000000040000001a).
7/19/2025 6:52:15 PM : Inserting entity with GID (0000000300000025).
7/19/2025 6:52:15 PM : Inserting entity with GID (0000000300000026).
7/19/2025 6:52:15 PM : Inserting entity with GID (0000000300000027).
7/19/2025 6:52:15 PM : Inserting entity with GID (0000000200000025).
7/19/2025 6:52:15 PM : Inserting entity with GID (0000000200000026).
7/19/2025 6:52:15 PM : Inserting entity with GID (0000000200000027).
7/19/2025 6:52:15 PM : Inserting entity with GID (0000000100000026).
7/19/2025 6:52:15 PM : Inserting entity with GID (0000000100000027).
7/19/2025 6:52:15 PM : Inserting entity with GID (0000000100000028).
7/19/2025 6:52:15 PM : Applying delta to network model successfully finished.
7/19/2025 7:04:40 PM : Starting Network Model Service...
7/19/2025 7:04:40 PM : Inserting entity with GID (0000000100000001).
7/19/2025 7:04:40 PM : Failed to insert entity (GID = 0x0000000100000001) into model. Index (zero based) must be greater than or equal to zero and less than the size of the argument list.
7/19/2025 7:04:40 PM : Error while applying delta (id = 1) during service initialization. Failed to insert entity (GID = 0x0000000100000001) into model. Index (zero based) must be greater than or equal to zero and less than the size of the argument list.
7/19/2025 7:04:40 PM : Inserting entity with GID (0000000600000001).
7/19/2025 7:04:40 PM : Inserting entity with GID (0000000600000002).
7/19/2025 7:04:40 PM : Inserting entity with GID (0000000600000003).
7/19/2025 7:04:40 PM : Inserting entity with GID (0000000500000001).
7/19/2025 7:04:40 PM : Inserting entity with GID (0000000500000002).
7/19/2025 7:04:40 PM : Inserting entity with GID (0000000400000001).
7/19/2025 7:04:40 PM : Inserting entity with GID (0000000400000002).
7/19/2025 7:04:40 PM : Inserting entity with GID (0000000300000001).
7/19/2025 7:04:40 PM : Inserting entity with GID (0000000300000002).
7/19/2025 7:04:40 PM : Inserting entity with GID (0000000300000003).
7/19/2025 7:04:40 PM : Inserting entity with GID (0000000200000001).
7/19/2025 7:04:40 PM : Inserting entity with GID (0000000200000002).
7/19/2025 7:04:40 PM : Inserting entity with GID (0000000200000003).
7/19/2025 7:04:40 PM : Inserting entity with GID (0000000100000002).
7/19/2025 7:04:40 PM : Inserting entity with GID (0000000100000003).
7/19/2025 7:04:40 PM : Inserting entity with GID (0000000100000004).
7/19/2025 7:04:40 PM : Inserting entity with GID (0000000600000004).
7/19/2025 7:04:40 PM : Inserting entity with GID (0000000600000005).
7/19/2025 7:04:40 PM : Inserting entity with GID (0000000600000006).
7/19/2025 7:04:40 PM : Inserting entity with GID (0000000500000003).
7/19/2025 7:04:40 PM : Inserting entity with GID (0000000500000004).
7/19/2025 7:04:40 PM : Inserting entity with GID (0000000400000003).
7/19/2025 7:04:40 PM : Inserting entity with GID (0000000400000004).
7/19/2025 7:04:40 PM : Inserting entity with GID (0000000300000004).
7/19/2025 7:04:40 PM : Inserting entity with GID (0000000300000005).
7/19/2025 7:04:40 PM : Inserting entity with GID (0000000300000006).
7/19/2025 7:04:40 PM : Inserting entity with GID (0000000200000004).
7/19/2025 7:04:40 PM : Inserting entity with GID (0000000200000005).
7/19/2025 7:04:40 PM : Inserting entity with GID (0000000200000006).
7/19/2025 7:04:40 PM : Inserting entity with GID (0000000100000005).
7/19/2025 7:04:40 PM : Inserting entity with GID (0000000100000006).
7/19/2025 7:04:40 PM : Inserting entity with GID (0000000100000007).
7/19/2025 7:04:40 PM : Inserting entity with GID (0000000600000007).
7/19/2025 7:04:40 PM : Inserting entity with GID (0000000600000008).
7/19/2025 7:04:40 PM : Inserting entity with GID (0000000600000009).
7/19/2025 7:04:40 PM : Inserting entity with GID (0000000500000005).
7/19/2025 7:04:40 PM : Inserting entity with GID (0000000500000006).
7/19/2025 7:04:40 PM : Inserting entity with GID (0000000400000005).
7/19/2025 7:04:40 PM : Inserting entity with GID (0000000400000006).
7/19/2025 7:04:40 PM : Inserting entity with GID (0000000300000007).
7/19/2025 7:04:40 PM : Inserting entity with GID (0000000300000008).
7/19/2025 7:04:40 PM : Inserting entity with GID (0000000300000009).
7/19/2025 7:04:40 PM : Inserting entity with GID (0000000200000007).
7/19/2025 7:04:40 PM : Inserting entity with GID (0000000200000008).
7/19/2025 7:04:40 PM : Inserting entity with GID (0000000200000009).
7/19/2025 7:04:40 PM : Inserting entity with GID (0000000100000008).
7/19/2025 7:04:40 PM : Inserting entity with GID (0000000100000009).
7/19/2025 7:04:40 PM : Inserting entity with GID (000000010000000a).
7/19/2025 7:04:40 PM : Inserting entity with GID (000000060000000a).
7/19/2025 7:04:40 PM : Inserting entity with GID (000000060000000b).
7/19/2025 7:04:40 PM : Inserting entity with GID (000000060000000c).
7/19/2025 7:04:40 PM : Inserting entity with GID (0000000500000007).
7/19/2025 7:04:40 PM : Inserting entity with GID (0000000500000008).
7/19/2025 7:04:40 PM : Inserting entity with GID (0000000400000007).
7/19/2025 7:04:40 PM : Inserting entity with GID (0000000400000008).
7/19/2025 7:04:40 PM : Inserting entity with GID (000000030000000a).
7/19/2025 7:04:40 PM : Inserting entity with GID (000000030000000b).
7/19/2025 7:04:40 PM : Inserting entity with GID (000000030000000c).
7/19/2025 7:04:40 PM : Inserting entity with GID (000000020000000a).
7/19/2025 7:04:40 PM : Inserting entity with GID (000000020000000b).
7/19/2025 7:04:40 PM : Inserting entity with GID (000000020000000c).
7/19/2025 7:04:40 PM : Inserting entity with GID (000000010000000b).
7/19/2025 7:04:40 PM : Inserting entity with GID (000000010000000c).
7/19/2025 7:04:40 PM : Inserting entity with GID (000000010000000d).
7/19/2025 7:04:40 PM : Inserting entity with GID (000000060000000d).
7/19/2025 7:04:40 PM : Inserting entity with GID (000000060000000e).
7/19/2025 7:04:40 PM : Inserting entity with GID (000000060000000f).
7/19/2025 7:04:40 PM : Inserting entity with GID (0000000500000009).
7/19/2025 7:04:40 PM : Inserting entity with GID (000000050000000a).
7/19/2025 7:04:40 PM : Inserting entity with GID (0000000400000009).
7/19/2025 7:04:40 PM : Inserting entity with GID (000000040000000a).
7/19/2025 7:04:40 PM : Inserting entity with GID (000000030000000d).
7/19/2025 7:04:40 PM : Inserting entity with GID (000000030000000e).
7/19/2025 7:04:40 PM : Inserting entity with GID (000000030000000f).
7/19/2025 7:04:40 PM : Inserting entity with GID (000000020000000d).
7/19/2025 7:04:40 PM : Inserting entity with GID (000000020000000e).
7/19/2025 7:04:40 PM : Inserting entity with GID (000000020000000f).
7/19/2025 7:04:40 PM : Inserting entity with GID (000000010000000e).
7/19/2025 7:04:40 PM : Inserting entity with GID (000000010000000f).
7/19/2025 7:04:40 PM : Inserting entity with GID (0000000100000010).
7/19/2025 7:04:40 PM : Inserting entity with GID (0000000600000010).
7/19/2025 7:04:40 PM : Inserting entity with GID (0000000600000011).
7/19/2025 7:04:40 PM : Inserting entity with GID (0000000600000012).
7/19/2025 7:04:40 PM : Inserting entity with GID (000000050000000b).
7/19/2025 7:04:40 PM : Inserting entity with GID (000000050000000c).
7/19/2025 7:04:40 PM : Inserting entity with GID (000000040000000b).
7/19/2025 7:04:40 PM : Inserting entity with GID (000000040000000c).
7/19/2025 7:04:40 PM : Inserting entity with GID (0000000300000010).
7/19/2025 7:04:40 PM : Inserting entity with GID (0000000300000011).
7/19/2025 7:04:40 PM : Inserting entity with GID (0000000300000012).
7/19/2025 7:04:40 PM : Inserting entity with GID (0000000200000010).
7/19/2025 7:04:40 PM : Inserting entity with GID (0000000200000011).
7/19/2025 7:04:40 PM : Inserting entity with GID (0000000200000012).
7/19/2025 7:04:40 PM : Inserting entity with GID (0000000100000011).
7/19/2025 7:04:40 PM : Inserting entity with GID (0000000100000012).
7/19/2025 7:04:40 PM : Inserting entity with GID (0000000100000013).
7/19/2025 7:04:40 PM : Inserting entity with GID (0000000600000013).
7/19/2025 7:04:40 PM : Inserting entity with GID (0000000600000014).
7/19/2025 7:04:40 PM : Inserting entity with GID (0000000600000015).
7/19/2025 7:04:40 PM : Inserting entity with GID (000000050000000d).
7/19/2025 7:04:40 PM : Inserting entity with GID (000000050000000e).
7/19/2025 7:04:40 PM : Inserting entity with GID (000000040000000d).
7/19/2025 7:04:40 PM : Inserting entity with GID (000000040000000e).
7/19/2025 7:04:40 PM : Inserting entity with GID (0000000300000013).
7/19/2025 7:04:40 PM : Inserting entity with GID (0000000300000014).
7/19/2025 7:04:40 PM : Inserting entity with GID (0000000300000015).
7/19/2025 7:04:40 PM : Inserting entity with GID (0000000200000013).
7/19/2025 7:04:40 PM : Inserting entity with GID (0000000200000014).
7/19/2025 7:04:40 PM : Inserting entity with GID (0000000200000015).
7/19/2025 7:04:40 PM : Inserting entity with GID (0000000100000014).
7/19/2025 7:04:40 PM : Inserting entity with GID (0000000100000015).
7/19/2025 7:04:40 PM : Inserting entity with GID (0000000100000016).
7/19/2025 7:04:40 PM : Inserting entity with GID (0000000600000016).
7/19/2025 7:04:40 PM : Inserting entity with GID (0000000600000017).
7/19/2025 7:04:40 PM : Inserting entity with GID (0000000600000018).
7/19/2025 7:04:40 PM : Inserting entity with GID (000000050000000f).
7/19/2025 7:04:40 PM : Inserting entity with GID (0000000500000010).
7/19/2025 7:04:40 PM : Inserting entity with GID (000000040000000f).
7/19/2025 7:04:40 PM : Inserting entity with GID (0000000400000010).
7/19/2025 7:04:40 PM : Inserting entity with GID (0000000300000016).
7/19/2025 7:04:40 PM : Inserting entity with GID (0000000300000017).
7/19/2025 7:04:40 PM : Inserting entity with GID (0000000300000018).
7/19/2025 7:04:40 PM : Inserting entity with GID (0000000200000016).
7/19/2025 7:04:40 PM : Inserting entity with GID (0000000200000017).
7/19/2025 7:04:40 PM : Inserting entity with GID (0000000200000018).
7/19/2025 7:04:40 PM : Inserting entity with GID (0000000100000017).
7/19/2025 7:04:40 PM : Inserting entity with GID (0000000100000018).
7/19/2025 7:04:40 PM : Inserting entity with GID (0000000100000019).
7/19/2025 7:04:40 PM : Inserting entity with GID (0000000600000019).
7/19/2025 7:04:40 PM : Inserting entity with GID (000000060000001a).
7/19/2025 7:04:40 PM : Inserting entity with GID (000000060000001b).
7/19/2025 7:04:40 PM : Inserting entity with GID (0000000500000011).
7/19/2025 7:04:40 PM : Inserting entity with GID (0000000500000012).
7/19/2025 7:04:40 PM : Inserting entity with GID (0000000400000011).
7/19/2025 7:04:40 PM : Inserting entity with GID (0000000400000012).
7/19/2025 7:04:40 PM : Inserting entity with GID (0000000300000019).
7/19/2025 7:04:40 PM : Inserting entity with GID (000000030000001a).
7/19/2025 7:04:40 PM : Inserting entity with GID (000000030000001b).
7/19/2025 7:04:40 PM : Inserting entity with GID (0000000200000019).
7/19/2025 7:04:40 PM : Inserting entity with GID (000000020000001a).
7/19/2025 7:04:40 PM : Inserting entity with GID (000000020000001b).
7/19/2025 7:04:40 PM : Inserting entity with GID (000000010000001a).
7/19/2025 7:04:40 PM : Inserting entity with GID (000000010000001b).
7/19/2025 7:04:40 PM : Inserting entity with GID (000000010000001c).
7/19/2025 7:04:40 PM : Inserting entity with GID (000000060000001c).
7/19/2025 7:04:40 PM : Inserting entity with GID (000000060000001d).
7/19/2025 7:04:40 PM : Inserting entity with GID (000000060000001e).
7/19/2025 7:04:40 PM : Inserting entity with GID (0000000500000013).
7/19/2025 7:04:40 PM : Inserting entity with GID (0000000500000014).
7/19/2025 7:04:40 PM : Inserting entity with GID (0000000400000013).
7/19/2025 7:04:40 PM : Inserting entity with GID (0000000400000014).
7/19/2025 7:04:40 PM : Inserting entity with GID (000000030000001c).
7/19/2025 7:04:40 PM : Inserting entity with GID (000000030000001d).
7/19/2025 7:04:40 PM : Inserting entity with GID (000000030000001e).
7/19/2025 7:04:40 PM : Inserting entity with GID (000000020000001c).
7/19/2025 7:04:40 PM : Inserting entity with GID (000000020000001d).
7/19/2025 7:04:40 PM : Inserting entity with GID (000000020000001e).
7/19/2025 7:04:40 PM : Inserting entity with GID (000000010000001d).
7/19/2025 7:04:40 PM : Inserting entity with GID (000000010000001e).
7/19/2025 7:04:40 PM : Inserting entity with GID (000000010000001f).
7/19/2025 7:04:40 PM : Inserting entity with GID (000000060000001f).
7/19/2025 7:04:40 PM : Inserting entity with GID (0000000600000020).
7/19/2025 7:04:40 PM : Inserting entity with GID (0000000600000021).
7/19/2025 7:04:40 PM : Inserting entity with GID (0000000500000015).
7/19/2025 7:04:40 PM : Inserting entity with GID (0000000500000016).
7/19/2025 7:04:40 PM : Inserting entity with GID (0000000400000015).
7/19/2025 7:04:40 PM : Inserting entity with GID (0000000400000016).
7/19/2025 7:04:40 PM : Inserting entity with GID (000000030000001f).
7/19/2025 7:04:40 PM : Inserting entity with GID (0000000300000020).
7/19/2025 7:04:40 PM : Inserting entity with GID (0000000300000021).
7/19/2025 7:04:40 PM : Inserting entity with GID (000000020000001f).
7/19/2025 7:04:40 PM : Inserting entity with GID (0000000200000020).
7/19/2025 7:04:40 PM : Inserting entity with GID (0000000200000021).
7/19/2025 7:04:40 PM : Inserting entity with GID (0000000100000020).
7/19/2025 7:04:40 PM : Inserting entity with GID (0000000100000021).
7/19/2025 7:04:40 PM : Inserting entity with GID (0000000100000022).
7/19/2025 7:04:40 PM : Inserting entity with GID (0000000600000022).
7/19/2025 7:04:40 PM : Inserting entity with GID (0000000600000023).
7/19/2025 7:04:40 PM : Inserting entity with GID (0000000600000024).
7/19/2025 7:04:40 PM : Inserting entity with GID (0000000500000017).
7/19/2025 7:04:40 PM : Inserting entity with GID (0000000500000018).
7/19/2025 7:04:40 PM : Inserting entity with GID (0000000400000017).
7/19/2025 7:04:40 PM : Inserting entity with GID (0000000400000018).
7/19/2025 7:04:40 PM : Inserting entity with GID (0000000300000022).
7/19/2025 7:04:40 PM : Inserting entity with GID (0000000300000023).
7/19/2025 7:04:40 PM : Inserting entity with GID (0000000300000024).
7/19/2025 7:04:40 PM : Inserting entity with GID (0000000200000022).
7/19/2025 7:04:40 PM : Inserting entity with GID (0000000200000023).
7/19/2025 7:04:40 PM : Inserting entity with GID (0000000200000024).
7/19/2025 7:04:40 PM : Inserting entity with GID (0000000100000023).
7/19/2025 7:04:40 PM : Inserting entity with GID (0000000100000024).
7/19/2025 7:04:40 PM : Inserting entity with GID (0000000100000025).
7/19/2025 7:04:40 PM : Inserting entity with GID (0000000600000025).
7/19/2025 7:04:40 PM : Inserting entity with GID (0000000600000026).
7/19/2025 7:04:40 PM : Inserting entity with GID (0000000600000027).
7/19/2025 7:04:40 PM : Inserting entity with GID (0000000500000019).
7/19/2025 7:04:40 PM : Inserting entity with GID (000000050000001a).
7/19/2025 7:04:40 PM : Inserting entity with GID (0000000400000019).
7/19/2025 7:04:40 PM : Inserting entity with GID (000000040000001a).
7/19/2025 7:04:40 PM : Inserting entity with GID (0000000300000025).
7/19/2025 7:04:40 PM : Inserting entity with GID (0000000300000026).
7/19/2025 7:04:40 PM : Inserting entity with GID (0000000300000027).
7/19/2025 7:04:40 PM : Inserting entity with GID (0000000200000025).
7/19/2025 7:04:40 PM : Inserting entity with GID (0000000200000026).
7/19/2025 7:04:40 PM : Inserting entity with GID (0000000200000027).
7/19/2025 7:04:40 PM : Inserting entity with GID (0000000100000026).
7/19/2025 7:04:40 PM : Inserting entity with GID (0000000100000027).
7/19/2025 7:04:40 PM : Inserting entity with GID (0000000100000028).
7/19/2025 7:04:42 PM : The WCF service GenericDataAccess is ready.
7/19/2025 7:04:42 PM : Endpoints:
7/19/2025 7:04:42 PM : net.tcp://localhost:10000/NetworkModelService/GDA/
7/19/2025 7:04:42 PM : Connection string: ../NetworkModelData.data
7/19/2025 7:04:42 PM : Trace level: Info
7/19/2025 7:04:42 PM : The Network Model Service is started.
7/19/2025 7:04:42 PM : Press <Enter> to stop the service.
7/19/2025 7:05:31 PM : Applying  delta to network model.
7/19/2025 7:05:31 PM : Inserting entity with GID (0000000600000028).
7/19/2025 7:05:31 PM : Inserting entity with GID (0000000600000029).
7/19/2025 7:05:31 PM : Inserting entity with GID (000000060000002a).
7/19/2025 7:05:31 PM : Inserting entity with GID (000000050000001b).
7/19/2025 7:05:31 PM : Inserting entity with GID (000000050000001c).
7/19/2025 7:05:31 PM : Inserting entity with GID (000000040000001b).
7/19/2025 7:05:31 PM : Inserting entity with GID (000000040000001c).
7/19/2025 7:05:31 PM : Inserting entity with GID (0000000300000028).
7/19/2025 7:05:31 PM : Inserting entity with GID (0000000300000029).
7/19/2025 7:05:31 PM : Inserting entity with GID (000000030000002a).
7/19/2025 7:05:31 PM : Inserting entity with GID (0000000200000028).
7/19/2025 7:05:31 PM : Inserting entity with GID (0000000200000029).
7/19/2025 7:05:31 PM : Inserting entity with GID (000000020000002a).
7/19/2025 7:05:31 PM : Inserting entity with GID (0000000100000029).
7/19/2025 7:05:31 PM : Inserting entity with GID (000000010000002a).
7/19/2025 7:05:31 PM : Inserting entity with GID (000000010000002b).
7/19/2025 7:05:31 PM : Applying delta to network model successfully finished.
7/19/2025 7:52:52 PM : Starting Network Model Service...
7/19/2025 7:52:52 PM : Inserting entity with GID (0000000100000001).
7/19/2025 7:52:52 PM : Failed to insert entity (GID = 0x0000000100000001) into model. Index (zero based) must be greater than or equal to zero and less than the size of the argument list.
7/19/2025 7:52:52 PM : Error while applying delta (id = 1) during service initialization. Failed to insert entity (GID = 0x0000000100000001) into model. Index (zero based) must be greater than or equal to zero and less than the size of the argument list.
7/19/2025 7:52:52 PM : Inserting entity with GID (0000000600000001).
7/19/2025 7:52:52 PM : Inserting entity with GID (0000000600000002).
7/19/2025 7:52:52 PM : Inserting entity with GID (0000000600000003).
7/19/2025 7:52:52 PM : Inserting entity with GID (0000000500000001).
7/19/2025 7:52:52 PM : Inserting entity with GID (0000000500000002).
7/19/2025 7:52:52 PM : Inserting entity with GID (0000000400000001).
7/19/2025 7:52:52 PM : Inserting entity with GID (0000000400000002).
7/19/2025 7:52:52 PM : Inserting entity with GID (0000000300000001).
7/19/2025 7:52:52 PM : Inserting entity with GID (0000000300000002).
7/19/2025 7:52:52 PM : Inserting entity with GID (0000000300000003).
7/19/2025 7:52:52 PM : Inserting entity with GID (0000000200000001).
7/19/2025 7:52:52 PM : Inserting entity with GID (0000000200000002).
7/19/2025 7:52:52 PM : Inserting entity with GID (0000000200000003).
7/19/2025 7:52:52 PM : Inserting entity with GID (0000000100000002).
7/19/2025 7:52:52 PM : Inserting entity with GID (0000000100000003).
7/19/2025 7:52:52 PM : Inserting entity with GID (0000000100000004).
7/19/2025 7:52:52 PM : Inserting entity with GID (0000000600000004).
7/19/2025 7:52:52 PM : Inserting entity with GID (0000000600000005).
7/19/2025 7:52:52 PM : Inserting entity with GID (0000000600000006).
7/19/2025 7:52:52 PM : Inserting entity with GID (0000000500000003).
7/19/2025 7:52:52 PM : Inserting entity with GID (0000000500000004).
7/19/2025 7:52:52 PM : Inserting entity with GID (0000000400000003).
7/19/2025 7:52:52 PM : Inserting entity with GID (0000000400000004).
7/19/2025 7:52:52 PM : Inserting entity with GID (0000000300000004).
7/19/2025 7:52:52 PM : Inserting entity with GID (0000000300000005).
7/19/2025 7:52:52 PM : Inserting entity with GID (0000000300000006).
7/19/2025 7:52:52 PM : Inserting entity with GID (0000000200000004).
7/19/2025 7:52:52 PM : Inserting entity with GID (0000000200000005).
7/19/2025 7:52:52 PM : Inserting entity with GID (0000000200000006).
7/19/2025 7:52:52 PM : Inserting entity with GID (0000000100000005).
7/19/2025 7:52:52 PM : Inserting entity with GID (0000000100000006).
7/19/2025 7:52:52 PM : Inserting entity with GID (0000000100000007).
7/19/2025 7:52:52 PM : Inserting entity with GID (0000000600000007).
7/19/2025 7:52:52 PM : Inserting entity with GID (0000000600000008).
7/19/2025 7:52:52 PM : Inserting entity with GID (0000000600000009).
7/19/2025 7:52:52 PM : Inserting entity with GID (0000000500000005).
7/19/2025 7:52:52 PM : Inserting entity with GID (0000000500000006).
7/19/2025 7:52:52 PM : Inserting entity with GID (0000000400000005).
7/19/2025 7:52:52 PM : Inserting entity with GID (0000000400000006).
7/19/2025 7:52:52 PM : Inserting entity with GID (0000000300000007).
7/19/2025 7:52:52 PM : Inserting entity with GID (0000000300000008).
7/19/2025 7:52:52 PM : Inserting entity with GID (0000000300000009).
7/19/2025 7:52:52 PM : Inserting entity with GID (0000000200000007).
7/19/2025 7:52:52 PM : Inserting entity with GID (0000000200000008).
7/19/2025 7:52:52 PM : Inserting entity with GID (0000000200000009).
7/19/2025 7:52:52 PM : Inserting entity with GID (0000000100000008).
7/19/2025 7:52:52 PM : Inserting entity with GID (0000000100000009).
7/19/2025 7:52:52 PM : Inserting entity with GID (000000010000000a).
7/19/2025 7:52:52 PM : Inserting entity with GID (000000060000000a).
7/19/2025 7:52:52 PM : Inserting entity with GID (000000060000000b).
7/19/2025 7:52:52 PM : Inserting entity with GID (000000060000000c).
7/19/2025 7:52:52 PM : Inserting entity with GID (0000000500000007).
7/19/2025 7:52:52 PM : Inserting entity with GID (0000000500000008).
7/19/2025 7:52:52 PM : Inserting entity with GID (0000000400000007).
7/19/2025 7:52:52 PM : Inserting entity with GID (0000000400000008).
7/19/2025 7:52:52 PM : Inserting entity with GID (000000030000000a).
7/19/2025 7:52:52 PM : Inserting entity with GID (000000030000000b).
7/19/2025 7:52:52 PM : Inserting entity with GID (000000030000000c).
7/19/2025 7:52:52 PM : Inserting entity with GID (000000020000000a).
7/19/2025 7:52:52 PM : Inserting entity with GID (000000020000000b).
7/19/2025 7:52:52 PM : Inserting entity with GID (000000020000000c).
7/19/2025 7:52:52 PM : Inserting entity with GID (000000010000000b).
7/19/2025 7:52:52 PM : Inserting entity with GID (000000010000000c).
7/19/2025 7:52:52 PM : Inserting entity with GID (000000010000000d).
7/19/2025 7:52:52 PM : Inserting entity with GID (000000060000000d).
7/19/2025 7:52:52 PM : Inserting entity with GID (000000060000000e).
7/19/2025 7:52:52 PM : Inserting entity with GID (000000060000000f).
7/19/2025 7:52:52 PM : Inserting entity with GID (0000000500000009).
7/19/2025 7:52:52 PM : Inserting entity with GID (000000050000000a).
7/19/2025 7:52:52 PM : Inserting entity with GID (0000000400000009).
7/19/2025 7:52:52 PM : Inserting entity with GID (000000040000000a).
7/19/2025 7:52:52 PM : Inserting entity with GID (000000030000000d).
7/19/2025 7:52:52 PM : Inserting entity with GID (000000030000000e).
7/19/2025 7:52:52 PM : Inserting entity with GID (000000030000000f).
7/19/2025 7:52:52 PM : Inserting entity with GID (000000020000000d).
7/19/2025 7:52:52 PM : Inserting entity with GID (000000020000000e).
7/19/2025 7:52:52 PM : Inserting entity with GID (000000020000000f).
7/19/2025 7:52:52 PM : Inserting entity with GID (000000010000000e).
7/19/2025 7:52:52 PM : Inserting entity with GID (000000010000000f).
7/19/2025 7:52:52 PM : Inserting entity with GID (0000000100000010).
7/19/2025 7:52:52 PM : Inserting entity with GID (0000000600000010).
7/19/2025 7:52:52 PM : Inserting entity with GID (0000000600000011).
7/19/2025 7:52:52 PM : Inserting entity with GID (0000000600000012).
7/19/2025 7:52:52 PM : Inserting entity with GID (000000050000000b).
7/19/2025 7:52:52 PM : Inserting entity with GID (000000050000000c).
7/19/2025 7:52:52 PM : Inserting entity with GID (000000040000000b).
7/19/2025 7:52:52 PM : Inserting entity with GID (000000040000000c).
7/19/2025 7:52:52 PM : Inserting entity with GID (0000000300000010).
7/19/2025 7:52:52 PM : Inserting entity with GID (0000000300000011).
7/19/2025 7:52:52 PM : Inserting entity with GID (0000000300000012).
7/19/2025 7:52:52 PM : Inserting entity with GID (0000000200000010).
7/19/2025 7:52:52 PM : Inserting entity with GID (0000000200000011).
7/19/2025 7:52:52 PM : Inserting entity with GID (0000000200000012).
7/19/2025 7:52:52 PM : Inserting entity with GID (0000000100000011).
7/19/2025 7:52:52 PM : Inserting entity with GID (0000000100000012).
7/19/2025 7:52:52 PM : Inserting entity with GID (0000000100000013).
7/19/2025 7:52:52 PM : Inserting entity with GID (0000000600000013).
7/19/2025 7:52:52 PM : Inserting entity with GID (0000000600000014).
7/19/2025 7:52:52 PM : Inserting entity with GID (0000000600000015).
7/19/2025 7:52:52 PM : Inserting entity with GID (000000050000000d).
7/19/2025 7:52:52 PM : Inserting entity with GID (000000050000000e).
7/19/2025 7:52:52 PM : Inserting entity with GID (000000040000000d).
7/19/2025 7:52:52 PM : Inserting entity with GID (000000040000000e).
7/19/2025 7:52:52 PM : Inserting entity with GID (0000000300000013).
7/19/2025 7:52:52 PM : Inserting entity with GID (0000000300000014).
7/19/2025 7:52:52 PM : Inserting entity with GID (0000000300000015).
7/19/2025 7:52:52 PM : Inserting entity with GID (0000000200000013).
7/19/2025 7:52:52 PM : Inserting entity with GID (0000000200000014).
7/19/2025 7:52:52 PM : Inserting entity with GID (0000000200000015).
7/19/2025 7:52:52 PM : Inserting entity with GID (0000000100000014).
7/19/2025 7:52:52 PM : Inserting entity with GID (0000000100000015).
7/19/2025 7:52:52 PM : Inserting entity with GID (0000000100000016).
7/19/2025 7:52:52 PM : Inserting entity with GID (0000000600000016).
7/19/2025 7:52:52 PM : Inserting entity with GID (0000000600000017).
7/19/2025 7:52:52 PM : Inserting entity with GID (0000000600000018).
7/19/2025 7:52:52 PM : Inserting entity with GID (000000050000000f).
7/19/2025 7:52:52 PM : Inserting entity with GID (0000000500000010).
7/19/2025 7:52:52 PM : Inserting entity with GID (000000040000000f).
7/19/2025 7:52:52 PM : Inserting entity with GID (0000000400000010).
7/19/2025 7:52:52 PM : Inserting entity with GID (0000000300000016).
7/19/2025 7:52:52 PM : Inserting entity with GID (0000000300000017).
7/19/2025 7:52:52 PM : Inserting entity with GID (0000000300000018).
7/19/2025 7:52:52 PM : Inserting entity with GID (0000000200000016).
7/19/2025 7:52:52 PM : Inserting entity with GID (0000000200000017).
7/19/2025 7:52:52 PM : Inserting entity with GID (0000000200000018).
7/19/2025 7:52:52 PM : Inserting entity with GID (0000000100000017).
7/19/2025 7:52:52 PM : Inserting entity with GID (0000000100000018).
7/19/2025 7:52:52 PM : Inserting entity with GID (0000000100000019).
7/19/2025 7:52:52 PM : Inserting entity with GID (0000000600000019).
7/19/2025 7:52:52 PM : Inserting entity with GID (000000060000001a).
7/19/2025 7:52:52 PM : Inserting entity with GID (000000060000001b).
7/19/2025 7:52:52 PM : Inserting entity with GID (0000000500000011).
7/19/2025 7:52:52 PM : Inserting entity with GID (0000000500000012).
7/19/2025 7:52:52 PM : Inserting entity with GID (0000000400000011).
7/19/2025 7:52:52 PM : Inserting entity with GID (0000000400000012).
7/19/2025 7:52:52 PM : Inserting entity with GID (0000000300000019).
7/19/2025 7:52:52 PM : Inserting entity with GID (000000030000001a).
7/19/2025 7:52:52 PM : Inserting entity with GID (000000030000001b).
7/19/2025 7:52:52 PM : Inserting entity with GID (0000000200000019).
7/19/2025 7:52:52 PM : Inserting entity with GID (000000020000001a).
7/19/2025 7:52:52 PM : Inserting entity with GID (000000020000001b).
7/19/2025 7:52:52 PM : Inserting entity with GID (000000010000001a).
7/19/2025 7:52:52 PM : Inserting entity with GID (000000010000001b).
7/19/2025 7:52:52 PM : Inserting entity with GID (000000010000001c).
7/19/2025 7:52:52 PM : Inserting entity with GID (000000060000001c).
7/19/2025 7:52:52 PM : Inserting entity with GID (000000060000001d).
7/19/2025 7:52:52 PM : Inserting entity with GID (000000060000001e).
7/19/2025 7:52:52 PM : Inserting entity with GID (0000000500000013).
7/19/2025 7:52:52 PM : Inserting entity with GID (0000000500000014).
7/19/2025 7:52:52 PM : Inserting entity with GID (0000000400000013).
7/19/2025 7:52:52 PM : Inserting entity with GID (0000000400000014).
7/19/2025 7:52:52 PM : Inserting entity with GID (000000030000001c).
7/19/2025 7:52:52 PM : Inserting entity with GID (000000030000001d).
7/19/2025 7:52:52 PM : Inserting entity with GID (000000030000001e).
7/19/2025 7:52:52 PM : Inserting entity with GID (000000020000001c).
7/19/2025 7:52:52 PM : Inserting entity with GID (000000020000001d).
7/19/2025 7:52:52 PM : Inserting entity with GID (000000020000001e).
7/19/2025 7:52:52 PM : Inserting entity with GID (000000010000001d).
7/19/2025 7:52:52 PM : Inserting entity with GID (000000010000001e).
7/19/2025 7:52:52 PM : Inserting entity with GID (000000010000001f).
7/19/2025 7:52:52 PM : Inserting entity with GID (000000060000001f).
7/19/2025 7:52:52 PM : Inserting entity with GID (0000000600000020).
7/19/2025 7:52:52 PM : Inserting entity with GID (0000000600000021).
7/19/2025 7:52:52 PM : Inserting entity with GID (0000000500000015).
7/19/2025 7:52:52 PM : Inserting entity with GID (0000000500000016).
7/19/2025 7:52:52 PM : Inserting entity with GID (0000000400000015).
7/19/2025 7:52:52 PM : Inserting entity with GID (0000000400000016).
7/19/2025 7:52:52 PM : Inserting entity with GID (000000030000001f).
7/19/2025 7:52:52 PM : Inserting entity with GID (0000000300000020).
7/19/2025 7:52:52 PM : Inserting entity with GID (0000000300000021).
7/19/2025 7:52:52 PM : Inserting entity with GID (000000020000001f).
7/19/2025 7:52:52 PM : Inserting entity with GID (0000000200000020).
7/19/2025 7:52:52 PM : Inserting entity with GID (0000000200000021).
7/19/2025 7:52:52 PM : Inserting entity with GID (0000000100000020).
7/19/2025 7:52:52 PM : Inserting entity with GID (0000000100000021).
7/19/2025 7:52:52 PM : Inserting entity with GID (0000000100000022).
7/19/2025 7:52:52 PM : Inserting entity with GID (0000000600000022).
7/19/2025 7:52:52 PM : Inserting entity with GID (0000000600000023).
7/19/2025 7:52:52 PM : Inserting entity with GID (0000000600000024).
7/19/2025 7:52:52 PM : Inserting entity with GID (0000000500000017).
7/19/2025 7:52:52 PM : Inserting entity with GID (0000000500000018).
7/19/2025 7:52:52 PM : Inserting entity with GID (0000000400000017).
7/19/2025 7:52:52 PM : Inserting entity with GID (0000000400000018).
7/19/2025 7:52:52 PM : Inserting entity with GID (0000000300000022).
7/19/2025 7:52:52 PM : Inserting entity with GID (0000000300000023).
7/19/2025 7:52:52 PM : Inserting entity with GID (0000000300000024).
7/19/2025 7:52:52 PM : Inserting entity with GID (0000000200000022).
7/19/2025 7:52:52 PM : Inserting entity with GID (0000000200000023).
7/19/2025 7:52:52 PM : Inserting entity with GID (0000000200000024).
7/19/2025 7:52:52 PM : Inserting entity with GID (0000000100000023).
7/19/2025 7:52:52 PM : Inserting entity with GID (0000000100000024).
7/19/2025 7:52:52 PM : Inserting entity with GID (0000000100000025).
7/19/2025 7:52:52 PM : Inserting entity with GID (0000000600000025).
7/19/2025 7:52:52 PM : Inserting entity with GID (0000000600000026).
7/19/2025 7:52:52 PM : Inserting entity with GID (0000000600000027).
7/19/2025 7:52:52 PM : Inserting entity with GID (0000000500000019).
7/19/2025 7:52:52 PM : Inserting entity with GID (000000050000001a).
7/19/2025 7:52:52 PM : Inserting entity with GID (0000000400000019).
7/19/2025 7:52:52 PM : Inserting entity with GID (000000040000001a).
7/19/2025 7:52:52 PM : Inserting entity with GID (0000000300000025).
7/19/2025 7:52:52 PM : Inserting entity with GID (0000000300000026).
7/19/2025 7:52:52 PM : Inserting entity with GID (0000000300000027).
7/19/2025 7:52:52 PM : Inserting entity with GID (0000000200000025).
7/19/2025 7:52:52 PM : Inserting entity with GID (0000000200000026).
7/19/2025 7:52:52 PM : Inserting entity with GID (0000000200000027).
7/19/2025 7:52:52 PM : Inserting entity with GID (0000000100000026).
7/19/2025 7:52:52 PM : Inserting entity with GID (0000000100000027).
7/19/2025 7:52:52 PM : Inserting entity with GID (0000000100000028).
7/19/2025 7:52:52 PM : Inserting entity with GID (0000000600000028).
7/19/2025 7:52:52 PM : Inserting entity with GID (0000000600000029).
7/19/2025 7:52:52 PM : Inserting entity with GID (000000060000002a).
7/19/2025 7:52:52 PM : Inserting entity with GID (000000050000001b).
7/19/2025 7:52:52 PM : Inserting entity with GID (000000050000001c).
7/19/2025 7:52:52 PM : Inserting entity with GID (000000040000001b).
7/19/2025 7:52:52 PM : Inserting entity with GID (000000040000001c).
7/19/2025 7:52:52 PM : Inserting entity with GID (0000000300000028).
7/19/2025 7:52:52 PM : Inserting entity with GID (0000000300000029).
7/19/2025 7:52:52 PM : Inserting entity with GID (000000030000002a).
7/19/2025 7:52:52 PM : Inserting entity with GID (0000000200000028).
7/19/2025 7:52:52 PM : Inserting entity with GID (0000000200000029).
7/19/2025 7:52:52 PM : Inserting entity with GID (000000020000002a).
7/19/2025 7:52:52 PM : Inserting entity with GID (0000000100000029).
7/19/2025 7:52:52 PM : Inserting entity with GID (000000010000002a).
7/19/2025 7:52:52 PM : Inserting entity with GID (000000010000002b).
7/19/2025 7:52:53 PM : The WCF service GenericDataAccess is ready.
7/19/2025 7:52:53 PM : Endpoints:
7/19/2025 7:52:53 PM : net.tcp://localhost:10000/NetworkModelService/GDA/
7/19/2025 7:52:53 PM : Connection string: ../NetworkModelData.data
7/19/2025 7:52:53 PM : Trace level: Info
7/19/2025 7:52:53 PM : The Network Model Service is started.
7/19/2025 7:52:53 PM : Press <Enter> to stop the service.
7/19/2025 7:53:14 PM : Applying  delta to network model.
7/19/2025 7:53:14 PM : Inserting entity with GID (000000060000002b).
7/19/2025 7:53:14 PM : Inserting entity with GID (000000060000002c).
7/19/2025 7:53:14 PM : Inserting entity with GID (000000060000002d).
7/19/2025 7:53:14 PM : Inserting entity with GID (000000050000001d).
7/19/2025 7:53:14 PM : Inserting entity with GID (000000050000001e).
7/19/2025 7:53:14 PM : Inserting entity with GID (000000040000001d).
7/19/2025 7:53:14 PM : Inserting entity with GID (000000040000001e).
7/19/2025 7:53:14 PM : Inserting entity with GID (000000030000002b).
7/19/2025 7:53:14 PM : Inserting entity with GID (000000030000002c).
7/19/2025 7:53:14 PM : Inserting entity with GID (000000030000002d).
7/19/2025 7:53:14 PM : Inserting entity with GID (000000020000002b).
7/19/2025 7:53:14 PM : Inserting entity with GID (000000020000002c).
7/19/2025 7:53:14 PM : Inserting entity with GID (000000020000002d).
7/19/2025 7:53:14 PM : Inserting entity with GID (000000010000002c).
7/19/2025 7:53:14 PM : Inserting entity with GID (000000010000002d).
7/19/2025 7:53:14 PM : Inserting entity with GID (000000010000002e).
7/19/2025 7:53:14 PM : Applying delta to network model successfully finished.
7/19/2025 8:37:34 PM : Starting Network Model Service...
7/19/2025 8:37:34 PM : Inserting entity with GID (0000000100000001).
7/19/2025 8:37:34 PM : Failed to insert entity (GID = 0x0000000100000001) into model. Index (zero based) must be greater than or equal to zero and less than the size of the argument list.
7/19/2025 8:37:35 PM : Error while applying delta (id = 1) during service initialization. Failed to insert entity (GID = 0x0000000100000001) into model. Index (zero based) must be greater than or equal to zero and less than the size of the argument list.
7/19/2025 8:37:35 PM : Inserting entity with GID (0000000600000001).
7/19/2025 8:37:35 PM : Inserting entity with GID (0000000600000002).
7/19/2025 8:37:35 PM : Inserting entity with GID (0000000600000003).
7/19/2025 8:37:35 PM : Inserting entity with GID (0000000500000001).
7/19/2025 8:37:35 PM : Inserting entity with GID (0000000500000002).
7/19/2025 8:37:35 PM : Inserting entity with GID (0000000400000001).
7/19/2025 8:37:35 PM : Inserting entity with GID (0000000400000002).
7/19/2025 8:37:35 PM : Inserting entity with GID (0000000300000001).
7/19/2025 8:37:35 PM : Inserting entity with GID (0000000300000002).
7/19/2025 8:37:35 PM : Inserting entity with GID (0000000300000003).
7/19/2025 8:37:35 PM : Inserting entity with GID (0000000200000001).
7/19/2025 8:37:35 PM : Inserting entity with GID (0000000200000002).
7/19/2025 8:37:35 PM : Inserting entity with GID (0000000200000003).
7/19/2025 8:37:35 PM : Inserting entity with GID (0000000100000002).
7/19/2025 8:37:35 PM : Inserting entity with GID (0000000100000003).
7/19/2025 8:37:35 PM : Inserting entity with GID (0000000100000004).
7/19/2025 8:37:35 PM : Inserting entity with GID (0000000600000004).
7/19/2025 8:37:35 PM : Inserting entity with GID (0000000600000005).
7/19/2025 8:37:35 PM : Inserting entity with GID (0000000600000006).
7/19/2025 8:37:35 PM : Inserting entity with GID (0000000500000003).
7/19/2025 8:37:35 PM : Inserting entity with GID (0000000500000004).
7/19/2025 8:37:35 PM : Inserting entity with GID (0000000400000003).
7/19/2025 8:37:35 PM : Inserting entity with GID (0000000400000004).
7/19/2025 8:37:35 PM : Inserting entity with GID (0000000300000004).
7/19/2025 8:37:35 PM : Inserting entity with GID (0000000300000005).
7/19/2025 8:37:35 PM : Inserting entity with GID (0000000300000006).
7/19/2025 8:37:35 PM : Inserting entity with GID (0000000200000004).
7/19/2025 8:37:35 PM : Inserting entity with GID (0000000200000005).
7/19/2025 8:37:35 PM : Inserting entity with GID (0000000200000006).
7/19/2025 8:37:35 PM : Inserting entity with GID (0000000100000005).
7/19/2025 8:37:35 PM : Inserting entity with GID (0000000100000006).
7/19/2025 8:37:35 PM : Inserting entity with GID (0000000100000007).
7/19/2025 8:37:35 PM : Inserting entity with GID (0000000600000007).
7/19/2025 8:37:35 PM : Inserting entity with GID (0000000600000008).
7/19/2025 8:37:35 PM : Inserting entity with GID (0000000600000009).
7/19/2025 8:37:35 PM : Inserting entity with GID (0000000500000005).
7/19/2025 8:37:35 PM : Inserting entity with GID (0000000500000006).
7/19/2025 8:37:35 PM : Inserting entity with GID (0000000400000005).
7/19/2025 8:37:35 PM : Inserting entity with GID (0000000400000006).
7/19/2025 8:37:35 PM : Inserting entity with GID (0000000300000007).
7/19/2025 8:37:35 PM : Inserting entity with GID (0000000300000008).
7/19/2025 8:37:35 PM : Inserting entity with GID (0000000300000009).
7/19/2025 8:37:35 PM : Inserting entity with GID (0000000200000007).
7/19/2025 8:37:35 PM : Inserting entity with GID (0000000200000008).
7/19/2025 8:37:35 PM : Inserting entity with GID (0000000200000009).
7/19/2025 8:37:35 PM : Inserting entity with GID (0000000100000008).
7/19/2025 8:37:35 PM : Inserting entity with GID (0000000100000009).
7/19/2025 8:37:35 PM : Inserting entity with GID (000000010000000a).
7/19/2025 8:37:35 PM : Inserting entity with GID (000000060000000a).
7/19/2025 8:37:35 PM : Inserting entity with GID (000000060000000b).
7/19/2025 8:37:35 PM : Inserting entity with GID (000000060000000c).
7/19/2025 8:37:35 PM : Inserting entity with GID (0000000500000007).
7/19/2025 8:37:35 PM : Inserting entity with GID (0000000500000008).
7/19/2025 8:37:35 PM : Inserting entity with GID (0000000400000007).
7/19/2025 8:37:35 PM : Inserting entity with GID (0000000400000008).
7/19/2025 8:37:35 PM : Inserting entity with GID (000000030000000a).
7/19/2025 8:37:35 PM : Inserting entity with GID (000000030000000b).
7/19/2025 8:37:35 PM : Inserting entity with GID (000000030000000c).
7/19/2025 8:37:35 PM : Inserting entity with GID (000000020000000a).
7/19/2025 8:37:35 PM : Inserting entity with GID (000000020000000b).
7/19/2025 8:37:35 PM : Inserting entity with GID (000000020000000c).
7/19/2025 8:37:35 PM : Inserting entity with GID (000000010000000b).
7/19/2025 8:37:35 PM : Inserting entity with GID (000000010000000c).
7/19/2025 8:37:35 PM : Inserting entity with GID (000000010000000d).
7/19/2025 8:37:35 PM : Inserting entity with GID (000000060000000d).
7/19/2025 8:37:35 PM : Inserting entity with GID (000000060000000e).
7/19/2025 8:37:35 PM : Inserting entity with GID (000000060000000f).
7/19/2025 8:37:35 PM : Inserting entity with GID (0000000500000009).
7/19/2025 8:37:35 PM : Inserting entity with GID (000000050000000a).
7/19/2025 8:37:35 PM : Inserting entity with GID (0000000400000009).
7/19/2025 8:37:35 PM : Inserting entity with GID (000000040000000a).
7/19/2025 8:37:35 PM : Inserting entity with GID (000000030000000d).
7/19/2025 8:37:35 PM : Inserting entity with GID (000000030000000e).
7/19/2025 8:37:35 PM : Inserting entity with GID (000000030000000f).
7/19/2025 8:37:35 PM : Inserting entity with GID (000000020000000d).
7/19/2025 8:37:35 PM : Inserting entity with GID (000000020000000e).
7/19/2025 8:37:35 PM : Inserting entity with GID (000000020000000f).
7/19/2025 8:37:35 PM : Inserting entity with GID (000000010000000e).
7/19/2025 8:37:35 PM : Inserting entity with GID (000000010000000f).
7/19/2025 8:37:35 PM : Inserting entity with GID (0000000100000010).
7/19/2025 8:37:35 PM : Inserting entity with GID (0000000600000010).
7/19/2025 8:37:35 PM : Inserting entity with GID (0000000600000011).
7/19/2025 8:37:35 PM : Inserting entity with GID (0000000600000012).
7/19/2025 8:37:35 PM : Inserting entity with GID (000000050000000b).
7/19/2025 8:37:35 PM : Inserting entity with GID (000000050000000c).
7/19/2025 8:37:35 PM : Inserting entity with GID (000000040000000b).
7/19/2025 8:37:35 PM : Inserting entity with GID (000000040000000c).
7/19/2025 8:37:35 PM : Inserting entity with GID (0000000300000010).
7/19/2025 8:37:35 PM : Inserting entity with GID (0000000300000011).
7/19/2025 8:37:35 PM : Inserting entity with GID (0000000300000012).
7/19/2025 8:37:35 PM : Inserting entity with GID (0000000200000010).
7/19/2025 8:37:35 PM : Inserting entity with GID (0000000200000011).
7/19/2025 8:37:35 PM : Inserting entity with GID (0000000200000012).
7/19/2025 8:37:35 PM : Inserting entity with GID (0000000100000011).
7/19/2025 8:37:35 PM : Inserting entity with GID (0000000100000012).
7/19/2025 8:37:35 PM : Inserting entity with GID (0000000100000013).
7/19/2025 8:37:35 PM : Inserting entity with GID (0000000600000013).
7/19/2025 8:37:35 PM : Inserting entity with GID (0000000600000014).
7/19/2025 8:37:35 PM : Inserting entity with GID (0000000600000015).
7/19/2025 8:37:35 PM : Inserting entity with GID (000000050000000d).
7/19/2025 8:37:35 PM : Inserting entity with GID (000000050000000e).
7/19/2025 8:37:35 PM : Inserting entity with GID (000000040000000d).
7/19/2025 8:37:35 PM : Inserting entity with GID (000000040000000e).
7/19/2025 8:37:35 PM : Inserting entity with GID (0000000300000013).
7/19/2025 8:37:35 PM : Inserting entity with GID (0000000300000014).
7/19/2025 8:37:35 PM : Inserting entity with GID (0000000300000015).
7/19/2025 8:37:35 PM : Inserting entity with GID (0000000200000013).
7/19/2025 8:37:35 PM : Inserting entity with GID (0000000200000014).
7/19/2025 8:37:35 PM : Inserting entity with GID (0000000200000015).
7/19/2025 8:37:35 PM : Inserting entity with GID (0000000100000014).
7/19/2025 8:37:35 PM : Inserting entity with GID (0000000100000015).
7/19/2025 8:37:35 PM : Inserting entity with GID (0000000100000016).
7/19/2025 8:37:35 PM : Inserting entity with GID (0000000600000016).
7/19/2025 8:37:35 PM : Inserting entity with GID (0000000600000017).
7/19/2025 8:37:35 PM : Inserting entity with GID (0000000600000018).
7/19/2025 8:37:35 PM : Inserting entity with GID (000000050000000f).
7/19/2025 8:37:35 PM : Inserting entity with GID (0000000500000010).
7/19/2025 8:37:35 PM : Inserting entity with GID (000000040000000f).
7/19/2025 8:37:35 PM : Inserting entity with GID (0000000400000010).
7/19/2025 8:37:35 PM : Inserting entity with GID (0000000300000016).
7/19/2025 8:37:35 PM : Inserting entity with GID (0000000300000017).
7/19/2025 8:37:35 PM : Inserting entity with GID (0000000300000018).
7/19/2025 8:37:35 PM : Inserting entity with GID (0000000200000016).
7/19/2025 8:37:35 PM : Inserting entity with GID (0000000200000017).
7/19/2025 8:37:35 PM : Inserting entity with GID (0000000200000018).
7/19/2025 8:37:35 PM : Inserting entity with GID (0000000100000017).
7/19/2025 8:37:35 PM : Inserting entity with GID (0000000100000018).
7/19/2025 8:37:35 PM : Inserting entity with GID (0000000100000019).
7/19/2025 8:37:35 PM : Inserting entity with GID (0000000600000019).
7/19/2025 8:37:35 PM : Inserting entity with GID (000000060000001a).
7/19/2025 8:37:35 PM : Inserting entity with GID (000000060000001b).
7/19/2025 8:37:35 PM : Inserting entity with GID (0000000500000011).
7/19/2025 8:37:35 PM : Inserting entity with GID (0000000500000012).
7/19/2025 8:37:35 PM : Inserting entity with GID (0000000400000011).
7/19/2025 8:37:35 PM : Inserting entity with GID (0000000400000012).
7/19/2025 8:37:35 PM : Inserting entity with GID (0000000300000019).
7/19/2025 8:37:35 PM : Inserting entity with GID (000000030000001a).
7/19/2025 8:37:35 PM : Inserting entity with GID (000000030000001b).
7/19/2025 8:37:35 PM : Inserting entity with GID (0000000200000019).
7/19/2025 8:37:35 PM : Inserting entity with GID (000000020000001a).
7/19/2025 8:37:35 PM : Inserting entity with GID (000000020000001b).
7/19/2025 8:37:35 PM : Inserting entity with GID (000000010000001a).
7/19/2025 8:37:35 PM : Inserting entity with GID (000000010000001b).
7/19/2025 8:37:35 PM : Inserting entity with GID (000000010000001c).
7/19/2025 8:37:35 PM : Inserting entity with GID (000000060000001c).
7/19/2025 8:37:35 PM : Inserting entity with GID (000000060000001d).
7/19/2025 8:37:35 PM : Inserting entity with GID (000000060000001e).
7/19/2025 8:37:35 PM : Inserting entity with GID (0000000500000013).
7/19/2025 8:37:35 PM : Inserting entity with GID (0000000500000014).
7/19/2025 8:37:35 PM : Inserting entity with GID (0000000400000013).
7/19/2025 8:37:35 PM : Inserting entity with GID (0000000400000014).
7/19/2025 8:37:35 PM : Inserting entity with GID (000000030000001c).
7/19/2025 8:37:35 PM : Inserting entity with GID (000000030000001d).
7/19/2025 8:37:35 PM : Inserting entity with GID (000000030000001e).
7/19/2025 8:37:35 PM : Inserting entity with GID (000000020000001c).
7/19/2025 8:37:35 PM : Inserting entity with GID (000000020000001d).
7/19/2025 8:37:35 PM : Inserting entity with GID (000000020000001e).
7/19/2025 8:37:35 PM : Inserting entity with GID (000000010000001d).
7/19/2025 8:37:35 PM : Inserting entity with GID (000000010000001e).
7/19/2025 8:37:35 PM : Inserting entity with GID (000000010000001f).
7/19/2025 8:37:35 PM : Inserting entity with GID (000000060000001f).
7/19/2025 8:37:35 PM : Inserting entity with GID (0000000600000020).
7/19/2025 8:37:35 PM : Inserting entity with GID (0000000600000021).
7/19/2025 8:37:35 PM : Inserting entity with GID (0000000500000015).
7/19/2025 8:37:35 PM : Inserting entity with GID (0000000500000016).
7/19/2025 8:37:35 PM : Inserting entity with GID (0000000400000015).
7/19/2025 8:37:35 PM : Inserting entity with GID (0000000400000016).
7/19/2025 8:37:35 PM : Inserting entity with GID (000000030000001f).
7/19/2025 8:37:35 PM : Inserting entity with GID (0000000300000020).
7/19/2025 8:37:35 PM : Inserting entity with GID (0000000300000021).
7/19/2025 8:37:35 PM : Inserting entity with GID (000000020000001f).
7/19/2025 8:37:35 PM : Inserting entity with GID (0000000200000020).
7/19/2025 8:37:35 PM : Inserting entity with GID (0000000200000021).
7/19/2025 8:37:35 PM : Inserting entity with GID (0000000100000020).
7/19/2025 8:37:35 PM : Inserting entity with GID (0000000100000021).
7/19/2025 8:37:35 PM : Inserting entity with GID (0000000100000022).
7/19/2025 8:37:35 PM : Inserting entity with GID (0000000600000022).
7/19/2025 8:37:35 PM : Inserting entity with GID (0000000600000023).
7/19/2025 8:37:35 PM : Inserting entity with GID (0000000600000024).
7/19/2025 8:37:35 PM : Inserting entity with GID (0000000500000017).
7/19/2025 8:37:35 PM : Inserting entity with GID (0000000500000018).
7/19/2025 8:37:35 PM : Inserting entity with GID (0000000400000017).
7/19/2025 8:37:35 PM : Inserting entity with GID (0000000400000018).
7/19/2025 8:37:35 PM : Inserting entity with GID (0000000300000022).
7/19/2025 8:37:35 PM : Inserting entity with GID (0000000300000023).
7/19/2025 8:37:35 PM : Inserting entity with GID (0000000300000024).
7/19/2025 8:37:35 PM : Inserting entity with GID (0000000200000022).
7/19/2025 8:37:35 PM : Inserting entity with GID (0000000200000023).
7/19/2025 8:37:35 PM : Inserting entity with GID (0000000200000024).
7/19/2025 8:37:35 PM : Inserting entity with GID (0000000100000023).
7/19/2025 8:37:35 PM : Inserting entity with GID (0000000100000024).
7/19/2025 8:37:35 PM : Inserting entity with GID (0000000100000025).
7/19/2025 8:37:35 PM : Inserting entity with GID (0000000600000025).
7/19/2025 8:37:35 PM : Inserting entity with GID (0000000600000026).
7/19/2025 8:37:35 PM : Inserting entity with GID (0000000600000027).
7/19/2025 8:37:35 PM : Inserting entity with GID (0000000500000019).
7/19/2025 8:37:35 PM : Inserting entity with GID (000000050000001a).
7/19/2025 8:37:35 PM : Inserting entity with GID (0000000400000019).
7/19/2025 8:37:35 PM : Inserting entity with GID (000000040000001a).
7/19/2025 8:37:35 PM : Inserting entity with GID (0000000300000025).
7/19/2025 8:37:35 PM : Inserting entity with GID (0000000300000026).
7/19/2025 8:37:35 PM : Inserting entity with GID (0000000300000027).
7/19/2025 8:37:35 PM : Inserting entity with GID (0000000200000025).
7/19/2025 8:37:35 PM : Inserting entity with GID (0000000200000026).
7/19/2025 8:37:35 PM : Inserting entity with GID (0000000200000027).
7/19/2025 8:37:35 PM : Inserting entity with GID (0000000100000026).
7/19/2025 8:37:35 PM : Inserting entity with GID (0000000100000027).
7/19/2025 8:37:35 PM : Inserting entity with GID (0000000100000028).
7/19/2025 8:37:35 PM : Inserting entity with GID (0000000600000028).
7/19/2025 8:37:35 PM : Inserting entity with GID (0000000600000029).
7/19/2025 8:37:35 PM : Inserting entity with GID (000000060000002a).
7/19/2025 8:37:35 PM : Inserting entity with GID (000000050000001b).
7/19/2025 8:37:35 PM : Inserting entity with GID (000000050000001c).
7/19/2025 8:37:35 PM : Inserting entity with GID (000000040000001b).
7/19/2025 8:37:35 PM : Inserting entity with GID (000000040000001c).
7/19/2025 8:37:35 PM : Inserting entity with GID (0000000300000028).
7/19/2025 8:37:35 PM : Inserting entity with GID (0000000300000029).
7/19/2025 8:37:35 PM : Inserting entity with GID (000000030000002a).
7/19/2025 8:37:35 PM : Inserting entity with GID (0000000200000028).
7/19/2025 8:37:35 PM : Inserting entity with GID (0000000200000029).
7/19/2025 8:37:35 PM : Inserting entity with GID (000000020000002a).
7/19/2025 8:37:35 PM : Inserting entity with GID (0000000100000029).
7/19/2025 8:37:35 PM : Inserting entity with GID (000000010000002a).
7/19/2025 8:37:35 PM : Inserting entity with GID (000000010000002b).
7/19/2025 8:37:35 PM : Inserting entity with GID (000000060000002b).
7/19/2025 8:37:35 PM : Inserting entity with GID (000000060000002c).
7/19/2025 8:37:35 PM : Inserting entity with GID (000000060000002d).
7/19/2025 8:37:35 PM : Inserting entity with GID (000000050000001d).
7/19/2025 8:37:35 PM : Inserting entity with GID (000000050000001e).
7/19/2025 8:37:35 PM : Inserting entity with GID (000000040000001d).
7/19/2025 8:37:35 PM : Inserting entity with GID (000000040000001e).
7/19/2025 8:37:35 PM : Inserting entity with GID (000000030000002b).
7/19/2025 8:37:35 PM : Inserting entity with GID (000000030000002c).
7/19/2025 8:37:35 PM : Inserting entity with GID (000000030000002d).
7/19/2025 8:37:35 PM : Inserting entity with GID (000000020000002b).
7/19/2025 8:37:35 PM : Inserting entity with GID (000000020000002c).
7/19/2025 8:37:35 PM : Inserting entity with GID (000000020000002d).
7/19/2025 8:37:35 PM : Inserting entity with GID (000000010000002c).
7/19/2025 8:37:35 PM : Inserting entity with GID (000000010000002d).
7/19/2025 8:37:35 PM : Inserting entity with GID (000000010000002e).
7/19/2025 8:37:35 PM : The WCF service GenericDataAccess is ready.
7/19/2025 8:37:35 PM : Endpoints:
7/19/2025 8:37:35 PM : net.tcp://localhost:10000/NetworkModelService/GDA/
7/19/2025 8:37:35 PM : Connection string: ../NetworkModelData.data
7/19/2025 8:37:35 PM : Trace level: Info
7/19/2025 8:37:35 PM : The Network Model Service is started.
7/19/2025 8:37:35 PM : Press <Enter> to stop the service.
7/19/2025 8:38:05 PM : Applying  delta to network model.
7/19/2025 8:38:05 PM : Inserting entity with GID (000000060000002e).
7/19/2025 8:38:05 PM : Inserting entity with GID (000000060000002f).
7/19/2025 8:38:05 PM : Inserting entity with GID (0000000600000030).
7/19/2025 8:38:05 PM : Inserting entity with GID (000000050000001f).
7/19/2025 8:38:05 PM : Inserting entity with GID (0000000500000020).
7/19/2025 8:38:05 PM : Inserting entity with GID (000000040000001f).
7/19/2025 8:38:05 PM : Inserting entity with GID (0000000400000020).
7/19/2025 8:38:05 PM : Inserting entity with GID (000000030000002e).
7/19/2025 8:38:05 PM : Inserting entity with GID (000000030000002f).
7/19/2025 8:38:05 PM : Inserting entity with GID (0000000300000030).
7/19/2025 8:38:05 PM : Inserting entity with GID (000000020000002e).
7/19/2025 8:38:05 PM : Inserting entity with GID (000000020000002f).
7/19/2025 8:38:05 PM : Inserting entity with GID (0000000200000030).
7/19/2025 8:38:05 PM : Inserting entity with GID (000000010000002f).
7/19/2025 8:38:05 PM : Inserting entity with GID (0000000100000030).
7/19/2025 8:38:05 PM : Inserting entity with GID (0000000100000031).
7/19/2025 8:38:05 PM : Applying delta to network model successfully finished.
7/19/2025 8:56:56 PM : Starting Network Model Service...
7/19/2025 8:56:56 PM : Inserting entity with GID (0000000100000001).
7/19/2025 8:56:57 PM : Failed to insert entity (GID = 0x0000000100000001) into model. Index (zero based) must be greater than or equal to zero and less than the size of the argument list.
7/19/2025 8:56:57 PM : Error while applying delta (id = 1) during service initialization. Failed to insert entity (GID = 0x0000000100000001) into model. Index (zero based) must be greater than or equal to zero and less than the size of the argument list.
7/19/2025 8:56:57 PM : Inserting entity with GID (0000000600000001).
7/19/2025 8:56:57 PM : Inserting entity with GID (0000000600000002).
7/19/2025 8:56:57 PM : Inserting entity with GID (0000000600000003).
7/19/2025 8:56:57 PM : Inserting entity with GID (0000000500000001).
7/19/2025 8:56:57 PM : Inserting entity with GID (0000000500000002).
7/19/2025 8:56:57 PM : Inserting entity with GID (0000000400000001).
7/19/2025 8:56:57 PM : Inserting entity with GID (0000000400000002).
7/19/2025 8:56:57 PM : Inserting entity with GID (0000000300000001).
7/19/2025 8:56:57 PM : Inserting entity with GID (0000000300000002).
7/19/2025 8:56:57 PM : Inserting entity with GID (0000000300000003).
7/19/2025 8:56:57 PM : Inserting entity with GID (0000000200000001).
7/19/2025 8:56:57 PM : Inserting entity with GID (0000000200000002).
7/19/2025 8:56:57 PM : Inserting entity with GID (0000000200000003).
7/19/2025 8:56:57 PM : Inserting entity with GID (0000000100000002).
7/19/2025 8:56:57 PM : Inserting entity with GID (0000000100000003).
7/19/2025 8:56:57 PM : Inserting entity with GID (0000000100000004).
7/19/2025 8:56:57 PM : Inserting entity with GID (0000000600000004).
7/19/2025 8:56:57 PM : Inserting entity with GID (0000000600000005).
7/19/2025 8:56:57 PM : Inserting entity with GID (0000000600000006).
7/19/2025 8:56:57 PM : Inserting entity with GID (0000000500000003).
7/19/2025 8:56:57 PM : Inserting entity with GID (0000000500000004).
7/19/2025 8:56:57 PM : Inserting entity with GID (0000000400000003).
7/19/2025 8:56:57 PM : Inserting entity with GID (0000000400000004).
7/19/2025 8:56:57 PM : Inserting entity with GID (0000000300000004).
7/19/2025 8:56:57 PM : Inserting entity with GID (0000000300000005).
7/19/2025 8:56:57 PM : Inserting entity with GID (0000000300000006).
7/19/2025 8:56:57 PM : Inserting entity with GID (0000000200000004).
7/19/2025 8:56:57 PM : Inserting entity with GID (0000000200000005).
7/19/2025 8:56:57 PM : Inserting entity with GID (0000000200000006).
7/19/2025 8:56:57 PM : Inserting entity with GID (0000000100000005).
7/19/2025 8:56:57 PM : Inserting entity with GID (0000000100000006).
7/19/2025 8:56:57 PM : Inserting entity with GID (0000000100000007).
7/19/2025 8:56:57 PM : Inserting entity with GID (0000000600000007).
7/19/2025 8:56:57 PM : Inserting entity with GID (0000000600000008).
7/19/2025 8:56:57 PM : Inserting entity with GID (0000000600000009).
7/19/2025 8:56:57 PM : Inserting entity with GID (0000000500000005).
7/19/2025 8:56:57 PM : Inserting entity with GID (0000000500000006).
7/19/2025 8:56:57 PM : Inserting entity with GID (0000000400000005).
7/19/2025 8:56:57 PM : Inserting entity with GID (0000000400000006).
7/19/2025 8:56:57 PM : Inserting entity with GID (0000000300000007).
7/19/2025 8:56:57 PM : Inserting entity with GID (0000000300000008).
7/19/2025 8:56:57 PM : Inserting entity with GID (0000000300000009).
7/19/2025 8:56:57 PM : Inserting entity with GID (0000000200000007).
7/19/2025 8:56:57 PM : Inserting entity with GID (0000000200000008).
7/19/2025 8:56:57 PM : Inserting entity with GID (0000000200000009).
7/19/2025 8:56:57 PM : Inserting entity with GID (0000000100000008).
7/19/2025 8:56:57 PM : Inserting entity with GID (0000000100000009).
7/19/2025 8:56:57 PM : Inserting entity with GID (000000010000000a).
7/19/2025 8:56:57 PM : Inserting entity with GID (000000060000000a).
7/19/2025 8:56:57 PM : Inserting entity with GID (000000060000000b).
7/19/2025 8:56:57 PM : Inserting entity with GID (000000060000000c).
7/19/2025 8:56:57 PM : Inserting entity with GID (0000000500000007).
7/19/2025 8:56:57 PM : Inserting entity with GID (0000000500000008).
7/19/2025 8:56:57 PM : Inserting entity with GID (0000000400000007).
7/19/2025 8:56:57 PM : Inserting entity with GID (0000000400000008).
7/19/2025 8:56:57 PM : Inserting entity with GID (000000030000000a).
7/19/2025 8:56:57 PM : Inserting entity with GID (000000030000000b).
7/19/2025 8:56:57 PM : Inserting entity with GID (000000030000000c).
7/19/2025 8:56:57 PM : Inserting entity with GID (000000020000000a).
7/19/2025 8:56:57 PM : Inserting entity with GID (000000020000000b).
7/19/2025 8:56:57 PM : Inserting entity with GID (000000020000000c).
7/19/2025 8:56:57 PM : Inserting entity with GID (000000010000000b).
7/19/2025 8:56:57 PM : Inserting entity with GID (000000010000000c).
7/19/2025 8:56:57 PM : Inserting entity with GID (000000010000000d).
7/19/2025 8:56:57 PM : Inserting entity with GID (000000060000000d).
7/19/2025 8:56:57 PM : Inserting entity with GID (000000060000000e).
7/19/2025 8:56:57 PM : Inserting entity with GID (000000060000000f).
7/19/2025 8:56:57 PM : Inserting entity with GID (0000000500000009).
7/19/2025 8:56:57 PM : Inserting entity with GID (000000050000000a).
7/19/2025 8:56:57 PM : Inserting entity with GID (0000000400000009).
7/19/2025 8:56:57 PM : Inserting entity with GID (000000040000000a).
7/19/2025 8:56:57 PM : Inserting entity with GID (000000030000000d).
7/19/2025 8:56:57 PM : Inserting entity with GID (000000030000000e).
7/19/2025 8:56:57 PM : Inserting entity with GID (000000030000000f).
7/19/2025 8:56:57 PM : Inserting entity with GID (000000020000000d).
7/19/2025 8:56:57 PM : Inserting entity with GID (000000020000000e).
7/19/2025 8:56:57 PM : Inserting entity with GID (000000020000000f).
7/19/2025 8:56:57 PM : Inserting entity with GID (000000010000000e).
7/19/2025 8:56:57 PM : Inserting entity with GID (000000010000000f).
7/19/2025 8:56:57 PM : Inserting entity with GID (0000000100000010).
7/19/2025 8:56:57 PM : Inserting entity with GID (0000000600000010).
7/19/2025 8:56:57 PM : Inserting entity with GID (0000000600000011).
7/19/2025 8:56:57 PM : Inserting entity with GID (0000000600000012).
7/19/2025 8:56:57 PM : Inserting entity with GID (000000050000000b).
7/19/2025 8:56:57 PM : Inserting entity with GID (000000050000000c).
7/19/2025 8:56:57 PM : Inserting entity with GID (000000040000000b).
7/19/2025 8:56:57 PM : Inserting entity with GID (000000040000000c).
7/19/2025 8:56:57 PM : Inserting entity with GID (0000000300000010).
7/19/2025 8:56:57 PM : Inserting entity with GID (0000000300000011).
7/19/2025 8:56:57 PM : Inserting entity with GID (0000000300000012).
7/19/2025 8:56:57 PM : Inserting entity with GID (0000000200000010).
7/19/2025 8:56:57 PM : Inserting entity with GID (0000000200000011).
7/19/2025 8:56:57 PM : Inserting entity with GID (0000000200000012).
7/19/2025 8:56:57 PM : Inserting entity with GID (0000000100000011).
7/19/2025 8:56:57 PM : Inserting entity with GID (0000000100000012).
7/19/2025 8:56:57 PM : Inserting entity with GID (0000000100000013).
7/19/2025 8:56:57 PM : Inserting entity with GID (0000000600000013).
7/19/2025 8:56:57 PM : Inserting entity with GID (0000000600000014).
7/19/2025 8:56:57 PM : Inserting entity with GID (0000000600000015).
7/19/2025 8:56:57 PM : Inserting entity with GID (000000050000000d).
7/19/2025 8:56:57 PM : Inserting entity with GID (000000050000000e).
7/19/2025 8:56:57 PM : Inserting entity with GID (000000040000000d).
7/19/2025 8:56:57 PM : Inserting entity with GID (000000040000000e).
7/19/2025 8:56:57 PM : Inserting entity with GID (0000000300000013).
7/19/2025 8:56:57 PM : Inserting entity with GID (0000000300000014).
7/19/2025 8:56:57 PM : Inserting entity with GID (0000000300000015).
7/19/2025 8:56:57 PM : Inserting entity with GID (0000000200000013).
7/19/2025 8:56:57 PM : Inserting entity with GID (0000000200000014).
7/19/2025 8:56:57 PM : Inserting entity with GID (0000000200000015).
7/19/2025 8:56:57 PM : Inserting entity with GID (0000000100000014).
7/19/2025 8:56:57 PM : Inserting entity with GID (0000000100000015).
7/19/2025 8:56:57 PM : Inserting entity with GID (0000000100000016).
7/19/2025 8:56:57 PM : Inserting entity with GID (0000000600000016).
7/19/2025 8:56:57 PM : Inserting entity with GID (0000000600000017).
7/19/2025 8:56:57 PM : Inserting entity with GID (0000000600000018).
7/19/2025 8:56:57 PM : Inserting entity with GID (000000050000000f).
7/19/2025 8:56:57 PM : Inserting entity with GID (0000000500000010).
7/19/2025 8:56:57 PM : Inserting entity with GID (000000040000000f).
7/19/2025 8:56:57 PM : Inserting entity with GID (0000000400000010).
7/19/2025 8:56:57 PM : Inserting entity with GID (0000000300000016).
7/19/2025 8:56:57 PM : Inserting entity with GID (0000000300000017).
7/19/2025 8:56:57 PM : Inserting entity with GID (0000000300000018).
7/19/2025 8:56:57 PM : Inserting entity with GID (0000000200000016).
7/19/2025 8:56:57 PM : Inserting entity with GID (0000000200000017).
7/19/2025 8:56:57 PM : Inserting entity with GID (0000000200000018).
7/19/2025 8:56:57 PM : Inserting entity with GID (0000000100000017).
7/19/2025 8:56:57 PM : Inserting entity with GID (0000000100000018).
7/19/2025 8:56:57 PM : Inserting entity with GID (0000000100000019).
7/19/2025 8:56:57 PM : Inserting entity with GID (0000000600000019).
7/19/2025 8:56:57 PM : Inserting entity with GID (000000060000001a).
7/19/2025 8:56:57 PM : Inserting entity with GID (000000060000001b).
7/19/2025 8:56:57 PM : Inserting entity with GID (0000000500000011).
7/19/2025 8:56:57 PM : Inserting entity with GID (0000000500000012).
7/19/2025 8:56:57 PM : Inserting entity with GID (0000000400000011).
7/19/2025 8:56:57 PM : Inserting entity with GID (0000000400000012).
7/19/2025 8:56:57 PM : Inserting entity with GID (0000000300000019).
7/19/2025 8:56:57 PM : Inserting entity with GID (000000030000001a).
7/19/2025 8:56:57 PM : Inserting entity with GID (000000030000001b).
7/19/2025 8:56:57 PM : Inserting entity with GID (0000000200000019).
7/19/2025 8:56:57 PM : Inserting entity with GID (000000020000001a).
7/19/2025 8:56:57 PM : Inserting entity with GID (000000020000001b).
7/19/2025 8:56:57 PM : Inserting entity with GID (000000010000001a).
7/19/2025 8:56:57 PM : Inserting entity with GID (000000010000001b).
7/19/2025 8:56:57 PM : Inserting entity with GID (000000010000001c).
7/19/2025 8:56:57 PM : Inserting entity with GID (000000060000001c).
7/19/2025 8:56:57 PM : Inserting entity with GID (000000060000001d).
7/19/2025 8:56:57 PM : Inserting entity with GID (000000060000001e).
7/19/2025 8:56:57 PM : Inserting entity with GID (0000000500000013).
7/19/2025 8:56:57 PM : Inserting entity with GID (0000000500000014).
7/19/2025 8:56:57 PM : Inserting entity with GID (0000000400000013).
7/19/2025 8:56:57 PM : Inserting entity with GID (0000000400000014).
7/19/2025 8:56:57 PM : Inserting entity with GID (000000030000001c).
7/19/2025 8:56:57 PM : Inserting entity with GID (000000030000001d).
7/19/2025 8:56:57 PM : Inserting entity with GID (000000030000001e).
7/19/2025 8:56:57 PM : Inserting entity with GID (000000020000001c).
7/19/2025 8:56:57 PM : Inserting entity with GID (000000020000001d).
7/19/2025 8:56:57 PM : Inserting entity with GID (000000020000001e).
7/19/2025 8:56:57 PM : Inserting entity with GID (000000010000001d).
7/19/2025 8:56:57 PM : Inserting entity with GID (000000010000001e).
7/19/2025 8:56:57 PM : Inserting entity with GID (000000010000001f).
7/19/2025 8:56:57 PM : Inserting entity with GID (000000060000001f).
7/19/2025 8:56:57 PM : Inserting entity with GID (0000000600000020).
7/19/2025 8:56:57 PM : Inserting entity with GID (0000000600000021).
7/19/2025 8:56:57 PM : Inserting entity with GID (0000000500000015).
7/19/2025 8:56:57 PM : Inserting entity with GID (0000000500000016).
7/19/2025 8:56:57 PM : Inserting entity with GID (0000000400000015).
7/19/2025 8:56:57 PM : Inserting entity with GID (0000000400000016).
7/19/2025 8:56:57 PM : Inserting entity with GID (000000030000001f).
7/19/2025 8:56:57 PM : Inserting entity with GID (0000000300000020).
7/19/2025 8:56:57 PM : Inserting entity with GID (0000000300000021).
7/19/2025 8:56:57 PM : Inserting entity with GID (000000020000001f).
7/19/2025 8:56:57 PM : Inserting entity with GID (0000000200000020).
7/19/2025 8:56:57 PM : Inserting entity with GID (0000000200000021).
7/19/2025 8:56:57 PM : Inserting entity with GID (0000000100000020).
7/19/2025 8:56:57 PM : Inserting entity with GID (0000000100000021).
7/19/2025 8:56:57 PM : Inserting entity with GID (0000000100000022).
7/19/2025 8:56:57 PM : Inserting entity with GID (0000000600000022).
7/19/2025 8:56:57 PM : Inserting entity with GID (0000000600000023).
7/19/2025 8:56:57 PM : Inserting entity with GID (0000000600000024).
7/19/2025 8:56:57 PM : Inserting entity with GID (0000000500000017).
7/19/2025 8:56:57 PM : Inserting entity with GID (0000000500000018).
7/19/2025 8:56:57 PM : Inserting entity with GID (0000000400000017).
7/19/2025 8:56:57 PM : Inserting entity with GID (0000000400000018).
7/19/2025 8:56:57 PM : Inserting entity with GID (0000000300000022).
7/19/2025 8:56:57 PM : Inserting entity with GID (0000000300000023).
7/19/2025 8:56:57 PM : Inserting entity with GID (0000000300000024).
7/19/2025 8:56:57 PM : Inserting entity with GID (0000000200000022).
7/19/2025 8:56:57 PM : Inserting entity with GID (0000000200000023).
7/19/2025 8:56:57 PM : Inserting entity with GID (0000000200000024).
7/19/2025 8:56:57 PM : Inserting entity with GID (0000000100000023).
7/19/2025 8:56:57 PM : Inserting entity with GID (0000000100000024).
7/19/2025 8:56:57 PM : Inserting entity with GID (0000000100000025).
7/19/2025 8:56:57 PM : Inserting entity with GID (0000000600000025).
7/19/2025 8:56:57 PM : Inserting entity with GID (0000000600000026).
7/19/2025 8:56:57 PM : Inserting entity with GID (0000000600000027).
7/19/2025 8:56:57 PM : Inserting entity with GID (0000000500000019).
7/19/2025 8:56:57 PM : Inserting entity with GID (000000050000001a).
7/19/2025 8:56:57 PM : Inserting entity with GID (0000000400000019).
7/19/2025 8:56:57 PM : Inserting entity with GID (000000040000001a).
7/19/2025 8:56:57 PM : Inserting entity with GID (0000000300000025).
7/19/2025 8:56:57 PM : Inserting entity with GID (0000000300000026).
7/19/2025 8:56:57 PM : Inserting entity with GID (0000000300000027).
7/19/2025 8:56:57 PM : Inserting entity with GID (0000000200000025).
7/19/2025 8:56:57 PM : Inserting entity with GID (0000000200000026).
7/19/2025 8:56:57 PM : Inserting entity with GID (0000000200000027).
7/19/2025 8:56:57 PM : Inserting entity with GID (0000000100000026).
7/19/2025 8:56:57 PM : Inserting entity with GID (0000000100000027).
7/19/2025 8:56:57 PM : Inserting entity with GID (0000000100000028).
7/19/2025 8:56:57 PM : Inserting entity with GID (0000000600000028).
7/19/2025 8:56:57 PM : Inserting entity with GID (0000000600000029).
7/19/2025 8:56:57 PM : Inserting entity with GID (000000060000002a).
7/19/2025 8:56:57 PM : Inserting entity with GID (000000050000001b).
7/19/2025 8:56:57 PM : Inserting entity with GID (000000050000001c).
7/19/2025 8:56:57 PM : Inserting entity with GID (000000040000001b).
7/19/2025 8:56:57 PM : Inserting entity with GID (000000040000001c).
7/19/2025 8:56:57 PM : Inserting entity with GID (0000000300000028).
7/19/2025 8:56:57 PM : Inserting entity with GID (0000000300000029).
7/19/2025 8:56:57 PM : Inserting entity with GID (000000030000002a).
7/19/2025 8:56:57 PM : Inserting entity with GID (0000000200000028).
7/19/2025 8:56:57 PM : Inserting entity with GID (0000000200000029).
7/19/2025 8:56:57 PM : Inserting entity with GID (000000020000002a).
7/19/2025 8:56:57 PM : Inserting entity with GID (0000000100000029).
7/19/2025 8:56:57 PM : Inserting entity with GID (000000010000002a).
7/19/2025 8:56:57 PM : Inserting entity with GID (000000010000002b).
7/19/2025 8:56:57 PM : Inserting entity with GID (000000060000002b).
7/19/2025 8:56:57 PM : Inserting entity with GID (000000060000002c).
7/19/2025 8:56:57 PM : Inserting entity with GID (000000060000002d).
7/19/2025 8:56:57 PM : Inserting entity with GID (000000050000001d).
7/19/2025 8:56:57 PM : Inserting entity with GID (000000050000001e).
7/19/2025 8:56:57 PM : Inserting entity with GID (000000040000001d).
7/19/2025 8:56:57 PM : Inserting entity with GID (000000040000001e).
7/19/2025 8:56:57 PM : Inserting entity with GID (000000030000002b).
7/19/2025 8:56:57 PM : Inserting entity with GID (000000030000002c).
7/19/2025 8:56:57 PM : Inserting entity with GID (000000030000002d).
7/19/2025 8:56:57 PM : Inserting entity with GID (000000020000002b).
7/19/2025 8:56:57 PM : Inserting entity with GID (000000020000002c).
7/19/2025 8:56:57 PM : Inserting entity with GID (000000020000002d).
7/19/2025 8:56:57 PM : Inserting entity with GID (000000010000002c).
7/19/2025 8:56:57 PM : Inserting entity with GID (000000010000002d).
7/19/2025 8:56:57 PM : Inserting entity with GID (000000010000002e).
7/19/2025 8:56:57 PM : Inserting entity with GID (000000060000002e).
7/19/2025 8:56:57 PM : Inserting entity with GID (000000060000002f).
7/19/2025 8:56:57 PM : Inserting entity with GID (0000000600000030).
7/19/2025 8:56:57 PM : Inserting entity with GID (000000050000001f).
7/19/2025 8:56:57 PM : Inserting entity with GID (0000000500000020).
7/19/2025 8:56:57 PM : Inserting entity with GID (000000040000001f).
7/19/2025 8:56:57 PM : Inserting entity with GID (0000000400000020).
7/19/2025 8:56:57 PM : Inserting entity with GID (000000030000002e).
7/19/2025 8:56:57 PM : Inserting entity with GID (000000030000002f).
7/19/2025 8:56:57 PM : Inserting entity with GID (0000000300000030).
7/19/2025 8:56:57 PM : Inserting entity with GID (000000020000002e).
7/19/2025 8:56:57 PM : Inserting entity with GID (000000020000002f).
7/19/2025 8:56:57 PM : Inserting entity with GID (0000000200000030).
7/19/2025 8:56:57 PM : Inserting entity with GID (000000010000002f).
7/19/2025 8:56:57 PM : Inserting entity with GID (0000000100000030).
7/19/2025 8:56:57 PM : Inserting entity with GID (0000000100000031).
7/19/2025 8:56:58 PM : The WCF service GenericDataAccess is ready.
7/19/2025 8:56:58 PM : Endpoints:
7/19/2025 8:56:58 PM : net.tcp://localhost:10000/NetworkModelService/GDA/
7/19/2025 8:56:58 PM : Connection string: ../NetworkModelData.data
7/19/2025 8:56:58 PM : Trace level: Info
7/19/2025 8:56:58 PM : The Network Model Service is started.
7/19/2025 8:56:58 PM : Press <Enter> to stop the service.
7/19/2025 9:03:15 PM : Starting Network Model Service...
7/19/2025 9:03:15 PM : Inserting entity with GID (0000000100000001).
7/19/2025 9:03:15 PM : Failed to insert entity (GID = 0x0000000100000001) into model. Index (zero based) must be greater than or equal to zero and less than the size of the argument list.
7/19/2025 9:03:15 PM : Error while applying delta (id = 1) during service initialization. Failed to insert entity (GID = 0x0000000100000001) into model. Index (zero based) must be greater than or equal to zero and less than the size of the argument list.
7/19/2025 9:03:15 PM : Inserting entity with GID (0000000600000001).
7/19/2025 9:03:15 PM : Inserting entity with GID (0000000600000002).
7/19/2025 9:03:15 PM : Inserting entity with GID (0000000600000003).
7/19/2025 9:03:15 PM : Inserting entity with GID (0000000500000001).
7/19/2025 9:03:15 PM : Inserting entity with GID (0000000500000002).
7/19/2025 9:03:15 PM : Inserting entity with GID (0000000400000001).
7/19/2025 9:03:15 PM : Inserting entity with GID (0000000400000002).
7/19/2025 9:03:15 PM : Inserting entity with GID (0000000300000001).
7/19/2025 9:03:15 PM : Inserting entity with GID (0000000300000002).
7/19/2025 9:03:15 PM : Inserting entity with GID (0000000300000003).
7/19/2025 9:03:15 PM : Inserting entity with GID (0000000200000001).
7/19/2025 9:03:15 PM : Inserting entity with GID (0000000200000002).
7/19/2025 9:03:15 PM : Inserting entity with GID (0000000200000003).
7/19/2025 9:03:15 PM : Inserting entity with GID (0000000100000002).
7/19/2025 9:03:15 PM : Inserting entity with GID (0000000100000003).
7/19/2025 9:03:15 PM : Inserting entity with GID (0000000100000004).
7/19/2025 9:03:15 PM : Inserting entity with GID (0000000600000004).
7/19/2025 9:03:15 PM : Inserting entity with GID (0000000600000005).
7/19/2025 9:03:15 PM : Inserting entity with GID (0000000600000006).
7/19/2025 9:03:15 PM : Inserting entity with GID (0000000500000003).
7/19/2025 9:03:15 PM : Inserting entity with GID (0000000500000004).
7/19/2025 9:03:15 PM : Inserting entity with GID (0000000400000003).
7/19/2025 9:03:15 PM : Inserting entity with GID (0000000400000004).
7/19/2025 9:03:15 PM : Inserting entity with GID (0000000300000004).
7/19/2025 9:03:15 PM : Inserting entity with GID (0000000300000005).
7/19/2025 9:03:15 PM : Inserting entity with GID (0000000300000006).
7/19/2025 9:03:15 PM : Inserting entity with GID (0000000200000004).
7/19/2025 9:03:15 PM : Inserting entity with GID (0000000200000005).
7/19/2025 9:03:15 PM : Inserting entity with GID (0000000200000006).
7/19/2025 9:03:15 PM : Inserting entity with GID (0000000100000005).
7/19/2025 9:03:15 PM : Inserting entity with GID (0000000100000006).
7/19/2025 9:03:15 PM : Inserting entity with GID (0000000100000007).
7/19/2025 9:03:15 PM : Inserting entity with GID (0000000600000007).
7/19/2025 9:03:15 PM : Inserting entity with GID (0000000600000008).
7/19/2025 9:03:15 PM : Inserting entity with GID (0000000600000009).
7/19/2025 9:03:15 PM : Inserting entity with GID (0000000500000005).
7/19/2025 9:03:15 PM : Inserting entity with GID (0000000500000006).
7/19/2025 9:03:15 PM : Inserting entity with GID (0000000400000005).
7/19/2025 9:03:15 PM : Inserting entity with GID (0000000400000006).
7/19/2025 9:03:15 PM : Inserting entity with GID (0000000300000007).
7/19/2025 9:03:15 PM : Inserting entity with GID (0000000300000008).
7/19/2025 9:03:15 PM : Inserting entity with GID (0000000300000009).
7/19/2025 9:03:15 PM : Inserting entity with GID (0000000200000007).
7/19/2025 9:03:15 PM : Inserting entity with GID (0000000200000008).
7/19/2025 9:03:15 PM : Inserting entity with GID (0000000200000009).
7/19/2025 9:03:15 PM : Inserting entity with GID (0000000100000008).
7/19/2025 9:03:15 PM : Inserting entity with GID (0000000100000009).
7/19/2025 9:03:15 PM : Inserting entity with GID (000000010000000a).
7/19/2025 9:03:15 PM : Inserting entity with GID (000000060000000a).
7/19/2025 9:03:15 PM : Inserting entity with GID (000000060000000b).
7/19/2025 9:03:15 PM : Inserting entity with GID (000000060000000c).
7/19/2025 9:03:15 PM : Inserting entity with GID (0000000500000007).
7/19/2025 9:03:15 PM : Inserting entity with GID (0000000500000008).
7/19/2025 9:03:15 PM : Inserting entity with GID (0000000400000007).
7/19/2025 9:03:15 PM : Inserting entity with GID (0000000400000008).
7/19/2025 9:03:15 PM : Inserting entity with GID (000000030000000a).
7/19/2025 9:03:15 PM : Inserting entity with GID (000000030000000b).
7/19/2025 9:03:15 PM : Inserting entity with GID (000000030000000c).
7/19/2025 9:03:15 PM : Inserting entity with GID (000000020000000a).
7/19/2025 9:03:15 PM : Inserting entity with GID (000000020000000b).
7/19/2025 9:03:15 PM : Inserting entity with GID (000000020000000c).
7/19/2025 9:03:15 PM : Inserting entity with GID (000000010000000b).
7/19/2025 9:03:15 PM : Inserting entity with GID (000000010000000c).
7/19/2025 9:03:15 PM : Inserting entity with GID (000000010000000d).
7/19/2025 9:03:15 PM : Inserting entity with GID (000000060000000d).
7/19/2025 9:03:15 PM : Inserting entity with GID (000000060000000e).
7/19/2025 9:03:15 PM : Inserting entity with GID (000000060000000f).
7/19/2025 9:03:15 PM : Inserting entity with GID (0000000500000009).
7/19/2025 9:03:15 PM : Inserting entity with GID (000000050000000a).
7/19/2025 9:03:15 PM : Inserting entity with GID (0000000400000009).
7/19/2025 9:03:15 PM : Inserting entity with GID (000000040000000a).
7/19/2025 9:03:15 PM : Inserting entity with GID (000000030000000d).
7/19/2025 9:03:15 PM : Inserting entity with GID (000000030000000e).
7/19/2025 9:03:15 PM : Inserting entity with GID (000000030000000f).
7/19/2025 9:03:15 PM : Inserting entity with GID (000000020000000d).
7/19/2025 9:03:15 PM : Inserting entity with GID (000000020000000e).
7/19/2025 9:03:15 PM : Inserting entity with GID (000000020000000f).
7/19/2025 9:03:15 PM : Inserting entity with GID (000000010000000e).
7/19/2025 9:03:15 PM : Inserting entity with GID (000000010000000f).
7/19/2025 9:03:15 PM : Inserting entity with GID (0000000100000010).
7/19/2025 9:03:15 PM : Inserting entity with GID (0000000600000010).
7/19/2025 9:03:15 PM : Inserting entity with GID (0000000600000011).
7/19/2025 9:03:15 PM : Inserting entity with GID (0000000600000012).
7/19/2025 9:03:15 PM : Inserting entity with GID (000000050000000b).
7/19/2025 9:03:15 PM : Inserting entity with GID (000000050000000c).
7/19/2025 9:03:15 PM : Inserting entity with GID (000000040000000b).
7/19/2025 9:03:15 PM : Inserting entity with GID (000000040000000c).
7/19/2025 9:03:15 PM : Inserting entity with GID (0000000300000010).
7/19/2025 9:03:15 PM : Inserting entity with GID (0000000300000011).
7/19/2025 9:03:15 PM : Inserting entity with GID (0000000300000012).
7/19/2025 9:03:15 PM : Inserting entity with GID (0000000200000010).
7/19/2025 9:03:15 PM : Inserting entity with GID (0000000200000011).
7/19/2025 9:03:15 PM : Inserting entity with GID (0000000200000012).
7/19/2025 9:03:15 PM : Inserting entity with GID (0000000100000011).
7/19/2025 9:03:15 PM : Inserting entity with GID (0000000100000012).
7/19/2025 9:03:15 PM : Inserting entity with GID (0000000100000013).
7/19/2025 9:03:15 PM : Inserting entity with GID (0000000600000013).
7/19/2025 9:03:15 PM : Inserting entity with GID (0000000600000014).
7/19/2025 9:03:15 PM : Inserting entity with GID (0000000600000015).
7/19/2025 9:03:15 PM : Inserting entity with GID (000000050000000d).
7/19/2025 9:03:15 PM : Inserting entity with GID (000000050000000e).
7/19/2025 9:03:15 PM : Inserting entity with GID (000000040000000d).
7/19/2025 9:03:15 PM : Inserting entity with GID (000000040000000e).
7/19/2025 9:03:15 PM : Inserting entity with GID (0000000300000013).
7/19/2025 9:03:15 PM : Inserting entity with GID (0000000300000014).
7/19/2025 9:03:15 PM : Inserting entity with GID (0000000300000015).
7/19/2025 9:03:15 PM : Inserting entity with GID (0000000200000013).
7/19/2025 9:03:15 PM : Inserting entity with GID (0000000200000014).
7/19/2025 9:03:15 PM : Inserting entity with GID (0000000200000015).
7/19/2025 9:03:15 PM : Inserting entity with GID (0000000100000014).
7/19/2025 9:03:15 PM : Inserting entity with GID (0000000100000015).
7/19/2025 9:03:15 PM : Inserting entity with GID (0000000100000016).
7/19/2025 9:03:15 PM : Inserting entity with GID (0000000600000016).
7/19/2025 9:03:15 PM : Inserting entity with GID (0000000600000017).
7/19/2025 9:03:15 PM : Inserting entity with GID (0000000600000018).
7/19/2025 9:03:15 PM : Inserting entity with GID (000000050000000f).
7/19/2025 9:03:15 PM : Inserting entity with GID (0000000500000010).
7/19/2025 9:03:15 PM : Inserting entity with GID (000000040000000f).
7/19/2025 9:03:15 PM : Inserting entity with GID (0000000400000010).
7/19/2025 9:03:15 PM : Inserting entity with GID (0000000300000016).
7/19/2025 9:03:15 PM : Inserting entity with GID (0000000300000017).
7/19/2025 9:03:15 PM : Inserting entity with GID (0000000300000018).
7/19/2025 9:03:15 PM : Inserting entity with GID (0000000200000016).
7/19/2025 9:03:15 PM : Inserting entity with GID (0000000200000017).
7/19/2025 9:03:15 PM : Inserting entity with GID (0000000200000018).
7/19/2025 9:03:15 PM : Inserting entity with GID (0000000100000017).
7/19/2025 9:03:15 PM : Inserting entity with GID (0000000100000018).
7/19/2025 9:03:15 PM : Inserting entity with GID (0000000100000019).
7/19/2025 9:03:15 PM : Inserting entity with GID (0000000600000019).
7/19/2025 9:03:15 PM : Inserting entity with GID (000000060000001a).
7/19/2025 9:03:15 PM : Inserting entity with GID (000000060000001b).
7/19/2025 9:03:15 PM : Inserting entity with GID (0000000500000011).
7/19/2025 9:03:15 PM : Inserting entity with GID (0000000500000012).
7/19/2025 9:03:15 PM : Inserting entity with GID (0000000400000011).
7/19/2025 9:03:15 PM : Inserting entity with GID (0000000400000012).
7/19/2025 9:03:15 PM : Inserting entity with GID (0000000300000019).
7/19/2025 9:03:15 PM : Inserting entity with GID (000000030000001a).
7/19/2025 9:03:15 PM : Inserting entity with GID (000000030000001b).
7/19/2025 9:03:15 PM : Inserting entity with GID (0000000200000019).
7/19/2025 9:03:15 PM : Inserting entity with GID (000000020000001a).
7/19/2025 9:03:15 PM : Inserting entity with GID (000000020000001b).
7/19/2025 9:03:15 PM : Inserting entity with GID (000000010000001a).
7/19/2025 9:03:15 PM : Inserting entity with GID (000000010000001b).
7/19/2025 9:03:15 PM : Inserting entity with GID (000000010000001c).
7/19/2025 9:03:15 PM : Inserting entity with GID (000000060000001c).
7/19/2025 9:03:15 PM : Inserting entity with GID (000000060000001d).
7/19/2025 9:03:15 PM : Inserting entity with GID (000000060000001e).
7/19/2025 9:03:15 PM : Inserting entity with GID (0000000500000013).
7/19/2025 9:03:15 PM : Inserting entity with GID (0000000500000014).
7/19/2025 9:03:15 PM : Inserting entity with GID (0000000400000013).
7/19/2025 9:03:15 PM : Inserting entity with GID (0000000400000014).
7/19/2025 9:03:15 PM : Inserting entity with GID (000000030000001c).
7/19/2025 9:03:15 PM : Inserting entity with GID (000000030000001d).
7/19/2025 9:03:15 PM : Inserting entity with GID (000000030000001e).
7/19/2025 9:03:15 PM : Inserting entity with GID (000000020000001c).
7/19/2025 9:03:15 PM : Inserting entity with GID (000000020000001d).
7/19/2025 9:03:15 PM : Inserting entity with GID (000000020000001e).
7/19/2025 9:03:15 PM : Inserting entity with GID (000000010000001d).
7/19/2025 9:03:15 PM : Inserting entity with GID (000000010000001e).
7/19/2025 9:03:15 PM : Inserting entity with GID (000000010000001f).
7/19/2025 9:03:15 PM : Inserting entity with GID (000000060000001f).
7/19/2025 9:03:15 PM : Inserting entity with GID (0000000600000020).
7/19/2025 9:03:15 PM : Inserting entity with GID (0000000600000021).
7/19/2025 9:03:15 PM : Inserting entity with GID (0000000500000015).
7/19/2025 9:03:15 PM : Inserting entity with GID (0000000500000016).
7/19/2025 9:03:15 PM : Inserting entity with GID (0000000400000015).
7/19/2025 9:03:16 PM : Inserting entity with GID (0000000400000016).
7/19/2025 9:03:16 PM : Inserting entity with GID (000000030000001f).
7/19/2025 9:03:16 PM : Inserting entity with GID (0000000300000020).
7/19/2025 9:03:16 PM : Inserting entity with GID (0000000300000021).
7/19/2025 9:03:16 PM : Inserting entity with GID (000000020000001f).
7/19/2025 9:03:16 PM : Inserting entity with GID (0000000200000020).
7/19/2025 9:03:16 PM : Inserting entity with GID (0000000200000021).
7/19/2025 9:03:16 PM : Inserting entity with GID (0000000100000020).
7/19/2025 9:03:16 PM : Inserting entity with GID (0000000100000021).
7/19/2025 9:03:16 PM : Inserting entity with GID (0000000100000022).
7/19/2025 9:03:16 PM : Inserting entity with GID (0000000600000022).
7/19/2025 9:03:16 PM : Inserting entity with GID (0000000600000023).
7/19/2025 9:03:16 PM : Inserting entity with GID (0000000600000024).
7/19/2025 9:03:16 PM : Inserting entity with GID (0000000500000017).
7/19/2025 9:03:16 PM : Inserting entity with GID (0000000500000018).
7/19/2025 9:03:16 PM : Inserting entity with GID (0000000400000017).
7/19/2025 9:03:16 PM : Inserting entity with GID (0000000400000018).
7/19/2025 9:03:16 PM : Inserting entity with GID (0000000300000022).
7/19/2025 9:03:16 PM : Inserting entity with GID (0000000300000023).
7/19/2025 9:03:16 PM : Inserting entity with GID (0000000300000024).
7/19/2025 9:03:16 PM : Inserting entity with GID (0000000200000022).
7/19/2025 9:03:16 PM : Inserting entity with GID (0000000200000023).
7/19/2025 9:03:16 PM : Inserting entity with GID (0000000200000024).
7/19/2025 9:03:16 PM : Inserting entity with GID (0000000100000023).
7/19/2025 9:03:16 PM : Inserting entity with GID (0000000100000024).
7/19/2025 9:03:16 PM : Inserting entity with GID (0000000100000025).
7/19/2025 9:03:16 PM : Inserting entity with GID (0000000600000025).
7/19/2025 9:03:16 PM : Inserting entity with GID (0000000600000026).
7/19/2025 9:03:16 PM : Inserting entity with GID (0000000600000027).
7/19/2025 9:03:16 PM : Inserting entity with GID (0000000500000019).
7/19/2025 9:03:16 PM : Inserting entity with GID (000000050000001a).
7/19/2025 9:03:16 PM : Inserting entity with GID (0000000400000019).
7/19/2025 9:03:16 PM : Inserting entity with GID (000000040000001a).
7/19/2025 9:03:16 PM : Inserting entity with GID (0000000300000025).
7/19/2025 9:03:16 PM : Inserting entity with GID (0000000300000026).
7/19/2025 9:03:16 PM : Inserting entity with GID (0000000300000027).
7/19/2025 9:03:16 PM : Inserting entity with GID (0000000200000025).
7/19/2025 9:03:16 PM : Inserting entity with GID (0000000200000026).
7/19/2025 9:03:16 PM : Inserting entity with GID (0000000200000027).
7/19/2025 9:03:16 PM : Inserting entity with GID (0000000100000026).
7/19/2025 9:03:16 PM : Inserting entity with GID (0000000100000027).
7/19/2025 9:03:16 PM : Inserting entity with GID (0000000100000028).
7/19/2025 9:03:16 PM : Inserting entity with GID (0000000600000028).
7/19/2025 9:03:16 PM : Inserting entity with GID (0000000600000029).
7/19/2025 9:03:16 PM : Inserting entity with GID (000000060000002a).
7/19/2025 9:03:16 PM : Inserting entity with GID (000000050000001b).
7/19/2025 9:03:16 PM : Inserting entity with GID (000000050000001c).
7/19/2025 9:03:16 PM : Inserting entity with GID (000000040000001b).
7/19/2025 9:03:16 PM : Inserting entity with GID (000000040000001c).
7/19/2025 9:03:16 PM : Inserting entity with GID (0000000300000028).
7/19/2025 9:03:16 PM : Inserting entity with GID (0000000300000029).
7/19/2025 9:03:16 PM : Inserting entity with GID (000000030000002a).
7/19/2025 9:03:16 PM : Inserting entity with GID (0000000200000028).
7/19/2025 9:03:16 PM : Inserting entity with GID (0000000200000029).
7/19/2025 9:03:16 PM : Inserting entity with GID (000000020000002a).
7/19/2025 9:03:16 PM : Inserting entity with GID (0000000100000029).
7/19/2025 9:03:16 PM : Inserting entity with GID (000000010000002a).
7/19/2025 9:03:16 PM : Inserting entity with GID (000000010000002b).
7/19/2025 9:03:16 PM : Inserting entity with GID (000000060000002b).
7/19/2025 9:03:16 PM : Inserting entity with GID (000000060000002c).
7/19/2025 9:03:16 PM : Inserting entity with GID (000000060000002d).
7/19/2025 9:03:16 PM : Inserting entity with GID (000000050000001d).
7/19/2025 9:03:16 PM : Inserting entity with GID (000000050000001e).
7/19/2025 9:03:16 PM : Inserting entity with GID (000000040000001d).
7/19/2025 9:03:16 PM : Inserting entity with GID (000000040000001e).
7/19/2025 9:03:16 PM : Inserting entity with GID (000000030000002b).
7/19/2025 9:03:16 PM : Inserting entity with GID (000000030000002c).
7/19/2025 9:03:16 PM : Inserting entity with GID (000000030000002d).
7/19/2025 9:03:16 PM : Inserting entity with GID (000000020000002b).
7/19/2025 9:03:16 PM : Inserting entity with GID (000000020000002c).
7/19/2025 9:03:16 PM : Inserting entity with GID (000000020000002d).
7/19/2025 9:03:16 PM : Inserting entity with GID (000000010000002c).
7/19/2025 9:03:16 PM : Inserting entity with GID (000000010000002d).
7/19/2025 9:03:16 PM : Inserting entity with GID (000000010000002e).
7/19/2025 9:03:16 PM : Inserting entity with GID (000000060000002e).
7/19/2025 9:03:16 PM : Inserting entity with GID (000000060000002f).
7/19/2025 9:03:16 PM : Inserting entity with GID (0000000600000030).
7/19/2025 9:03:16 PM : Inserting entity with GID (000000050000001f).
7/19/2025 9:03:16 PM : Inserting entity with GID (0000000500000020).
7/19/2025 9:03:16 PM : Inserting entity with GID (000000040000001f).
7/19/2025 9:03:16 PM : Inserting entity with GID (0000000400000020).
7/19/2025 9:03:16 PM : Inserting entity with GID (000000030000002e).
7/19/2025 9:03:16 PM : Inserting entity with GID (000000030000002f).
7/19/2025 9:03:16 PM : Inserting entity with GID (0000000300000030).
7/19/2025 9:03:16 PM : Inserting entity with GID (000000020000002e).
7/19/2025 9:03:16 PM : Inserting entity with GID (000000020000002f).
7/19/2025 9:03:16 PM : Inserting entity with GID (0000000200000030).
7/19/2025 9:03:16 PM : Inserting entity with GID (000000010000002f).
7/19/2025 9:03:16 PM : Inserting entity with GID (0000000100000030).
7/19/2025 9:03:16 PM : Inserting entity with GID (0000000100000031).
7/19/2025 9:03:17 PM : The WCF service GenericDataAccess is ready.
7/19/2025 9:03:17 PM : Endpoints:
7/19/2025 9:03:17 PM : net.tcp://localhost:10000/NetworkModelService/GDA/
7/19/2025 9:03:17 PM : Connection string: ../NetworkModelData.data
7/19/2025 9:03:17 PM : Trace level: Info
7/19/2025 9:03:17 PM : The Network Model Service is started.
7/19/2025 9:03:17 PM : Press <Enter> to stop the service.
7/19/2025 9:32:41 PM : Starting Network Model Service...
7/19/2025 9:32:42 PM : Inserting entity with GID (0000000100000001).
7/19/2025 9:32:42 PM : Failed to insert entity (GID = 0x0000000100000001) into model. Index (zero based) must be greater than or equal to zero and less than the size of the argument list.
7/19/2025 9:32:42 PM : Error while applying delta (id = 1) during service initialization. Failed to insert entity (GID = 0x0000000100000001) into model. Index (zero based) must be greater than or equal to zero and less than the size of the argument list.
7/19/2025 9:32:42 PM : Inserting entity with GID (0000000600000001).
7/19/2025 9:32:42 PM : Inserting entity with GID (0000000600000002).
7/19/2025 9:32:42 PM : Inserting entity with GID (0000000600000003).
7/19/2025 9:32:42 PM : Inserting entity with GID (0000000500000001).
7/19/2025 9:32:42 PM : Inserting entity with GID (0000000500000002).
7/19/2025 9:32:42 PM : Inserting entity with GID (0000000400000001).
7/19/2025 9:32:42 PM : Inserting entity with GID (0000000400000002).
7/19/2025 9:32:42 PM : Inserting entity with GID (0000000300000001).
7/19/2025 9:32:42 PM : Inserting entity with GID (0000000300000002).
7/19/2025 9:32:42 PM : Inserting entity with GID (0000000300000003).
7/19/2025 9:32:42 PM : Inserting entity with GID (0000000200000001).
7/19/2025 9:32:42 PM : Inserting entity with GID (0000000200000002).
7/19/2025 9:32:42 PM : Inserting entity with GID (0000000200000003).
7/19/2025 9:32:42 PM : Inserting entity with GID (0000000100000002).
7/19/2025 9:32:42 PM : Inserting entity with GID (0000000100000003).
7/19/2025 9:32:42 PM : Inserting entity with GID (0000000100000004).
7/19/2025 9:32:42 PM : Inserting entity with GID (0000000600000004).
7/19/2025 9:32:42 PM : Inserting entity with GID (0000000600000005).
7/19/2025 9:32:42 PM : Inserting entity with GID (0000000600000006).
7/19/2025 9:32:42 PM : Inserting entity with GID (0000000500000003).
7/19/2025 9:32:42 PM : Inserting entity with GID (0000000500000004).
7/19/2025 9:32:42 PM : Inserting entity with GID (0000000400000003).
7/19/2025 9:32:42 PM : Inserting entity with GID (0000000400000004).
7/19/2025 9:32:42 PM : Inserting entity with GID (0000000300000004).
7/19/2025 9:32:42 PM : Inserting entity with GID (0000000300000005).
7/19/2025 9:32:42 PM : Inserting entity with GID (0000000300000006).
7/19/2025 9:32:42 PM : Inserting entity with GID (0000000200000004).
7/19/2025 9:32:42 PM : Inserting entity with GID (0000000200000005).
7/19/2025 9:32:42 PM : Inserting entity with GID (0000000200000006).
7/19/2025 9:32:42 PM : Inserting entity with GID (0000000100000005).
7/19/2025 9:32:42 PM : Inserting entity with GID (0000000100000006).
7/19/2025 9:32:42 PM : Inserting entity with GID (0000000100000007).
7/19/2025 9:32:42 PM : Inserting entity with GID (0000000600000007).
7/19/2025 9:32:42 PM : Inserting entity with GID (0000000600000008).
7/19/2025 9:32:42 PM : Inserting entity with GID (0000000600000009).
7/19/2025 9:32:42 PM : Inserting entity with GID (0000000500000005).
7/19/2025 9:32:42 PM : Inserting entity with GID (0000000500000006).
7/19/2025 9:32:42 PM : Inserting entity with GID (0000000400000005).
7/19/2025 9:32:42 PM : Inserting entity with GID (0000000400000006).
7/19/2025 9:32:42 PM : Inserting entity with GID (0000000300000007).
7/19/2025 9:32:42 PM : Inserting entity with GID (0000000300000008).
7/19/2025 9:32:42 PM : Inserting entity with GID (0000000300000009).
7/19/2025 9:32:42 PM : Inserting entity with GID (0000000200000007).
7/19/2025 9:32:42 PM : Inserting entity with GID (0000000200000008).
7/19/2025 9:32:42 PM : Inserting entity with GID (0000000200000009).
7/19/2025 9:32:42 PM : Inserting entity with GID (0000000100000008).
7/19/2025 9:32:42 PM : Inserting entity with GID (0000000100000009).
7/19/2025 9:32:42 PM : Inserting entity with GID (000000010000000a).
7/19/2025 9:32:42 PM : Inserting entity with GID (000000060000000a).
7/19/2025 9:32:42 PM : Inserting entity with GID (000000060000000b).
7/19/2025 9:32:42 PM : Inserting entity with GID (000000060000000c).
7/19/2025 9:32:42 PM : Inserting entity with GID (0000000500000007).
7/19/2025 9:32:42 PM : Inserting entity with GID (0000000500000008).
7/19/2025 9:32:42 PM : Inserting entity with GID (0000000400000007).
7/19/2025 9:32:42 PM : Inserting entity with GID (0000000400000008).
7/19/2025 9:32:42 PM : Inserting entity with GID (000000030000000a).
7/19/2025 9:32:42 PM : Inserting entity with GID (000000030000000b).
7/19/2025 9:32:42 PM : Inserting entity with GID (000000030000000c).
7/19/2025 9:32:42 PM : Inserting entity with GID (000000020000000a).
7/19/2025 9:32:42 PM : Inserting entity with GID (000000020000000b).
7/19/2025 9:32:42 PM : Inserting entity with GID (000000020000000c).
7/19/2025 9:32:42 PM : Inserting entity with GID (000000010000000b).
7/19/2025 9:32:42 PM : Inserting entity with GID (000000010000000c).
7/19/2025 9:32:42 PM : Inserting entity with GID (000000010000000d).
7/19/2025 9:32:42 PM : Inserting entity with GID (000000060000000d).
7/19/2025 9:32:42 PM : Inserting entity with GID (000000060000000e).
7/19/2025 9:32:42 PM : Inserting entity with GID (000000060000000f).
7/19/2025 9:32:42 PM : Inserting entity with GID (0000000500000009).
7/19/2025 9:32:42 PM : Inserting entity with GID (000000050000000a).
7/19/2025 9:32:42 PM : Inserting entity with GID (0000000400000009).
7/19/2025 9:32:42 PM : Inserting entity with GID (000000040000000a).
7/19/2025 9:32:42 PM : Inserting entity with GID (000000030000000d).
7/19/2025 9:32:42 PM : Inserting entity with GID (000000030000000e).
7/19/2025 9:32:42 PM : Inserting entity with GID (000000030000000f).
7/19/2025 9:32:42 PM : Inserting entity with GID (000000020000000d).
7/19/2025 9:32:42 PM : Inserting entity with GID (000000020000000e).
7/19/2025 9:32:42 PM : Inserting entity with GID (000000020000000f).
7/19/2025 9:32:42 PM : Inserting entity with GID (000000010000000e).
7/19/2025 9:32:42 PM : Inserting entity with GID (000000010000000f).
7/19/2025 9:32:42 PM : Inserting entity with GID (0000000100000010).
7/19/2025 9:32:42 PM : Inserting entity with GID (0000000600000010).
7/19/2025 9:32:42 PM : Inserting entity with GID (0000000600000011).
7/19/2025 9:32:42 PM : Inserting entity with GID (0000000600000012).
7/19/2025 9:32:42 PM : Inserting entity with GID (000000050000000b).
7/19/2025 9:32:42 PM : Inserting entity with GID (000000050000000c).
7/19/2025 9:32:42 PM : Inserting entity with GID (000000040000000b).
7/19/2025 9:32:42 PM : Inserting entity with GID (000000040000000c).
7/19/2025 9:32:42 PM : Inserting entity with GID (0000000300000010).
7/19/2025 9:32:42 PM : Inserting entity with GID (0000000300000011).
7/19/2025 9:32:42 PM : Inserting entity with GID (0000000300000012).
7/19/2025 9:32:42 PM : Inserting entity with GID (0000000200000010).
7/19/2025 9:32:42 PM : Inserting entity with GID (0000000200000011).
7/19/2025 9:32:42 PM : Inserting entity with GID (0000000200000012).
7/19/2025 9:32:42 PM : Inserting entity with GID (0000000100000011).
7/19/2025 9:32:42 PM : Inserting entity with GID (0000000100000012).
7/19/2025 9:32:42 PM : Inserting entity with GID (0000000100000013).
7/19/2025 9:32:42 PM : Inserting entity with GID (0000000600000013).
7/19/2025 9:32:42 PM : Inserting entity with GID (0000000600000014).
7/19/2025 9:32:42 PM : Inserting entity with GID (0000000600000015).
7/19/2025 9:32:42 PM : Inserting entity with GID (000000050000000d).
7/19/2025 9:32:42 PM : Inserting entity with GID (000000050000000e).
7/19/2025 9:32:42 PM : Inserting entity with GID (000000040000000d).
7/19/2025 9:32:42 PM : Inserting entity with GID (000000040000000e).
7/19/2025 9:32:42 PM : Inserting entity with GID (0000000300000013).
7/19/2025 9:32:42 PM : Inserting entity with GID (0000000300000014).
7/19/2025 9:32:42 PM : Inserting entity with GID (0000000300000015).
7/19/2025 9:32:42 PM : Inserting entity with GID (0000000200000013).
7/19/2025 9:32:42 PM : Inserting entity with GID (0000000200000014).
7/19/2025 9:32:42 PM : Inserting entity with GID (0000000200000015).
7/19/2025 9:32:42 PM : Inserting entity with GID (0000000100000014).
7/19/2025 9:32:42 PM : Inserting entity with GID (0000000100000015).
7/19/2025 9:32:42 PM : Inserting entity with GID (0000000100000016).
7/19/2025 9:32:42 PM : Inserting entity with GID (0000000600000016).
7/19/2025 9:32:42 PM : Inserting entity with GID (0000000600000017).
7/19/2025 9:32:42 PM : Inserting entity with GID (0000000600000018).
7/19/2025 9:32:42 PM : Inserting entity with GID (000000050000000f).
7/19/2025 9:32:42 PM : Inserting entity with GID (0000000500000010).
7/19/2025 9:32:42 PM : Inserting entity with GID (000000040000000f).
7/19/2025 9:32:42 PM : Inserting entity with GID (0000000400000010).
7/19/2025 9:32:42 PM : Inserting entity with GID (0000000300000016).
7/19/2025 9:32:42 PM : Inserting entity with GID (0000000300000017).
7/19/2025 9:32:42 PM : Inserting entity with GID (0000000300000018).
7/19/2025 9:32:42 PM : Inserting entity with GID (0000000200000016).
7/19/2025 9:32:42 PM : Inserting entity with GID (0000000200000017).
7/19/2025 9:32:42 PM : Inserting entity with GID (0000000200000018).
7/19/2025 9:32:42 PM : Inserting entity with GID (0000000100000017).
7/19/2025 9:32:42 PM : Inserting entity with GID (0000000100000018).
7/19/2025 9:32:42 PM : Inserting entity with GID (0000000100000019).
7/19/2025 9:32:42 PM : Inserting entity with GID (0000000600000019).
7/19/2025 9:32:42 PM : Inserting entity with GID (000000060000001a).
7/19/2025 9:32:42 PM : Inserting entity with GID (000000060000001b).
7/19/2025 9:32:42 PM : Inserting entity with GID (0000000500000011).
7/19/2025 9:32:42 PM : Inserting entity with GID (0000000500000012).
7/19/2025 9:32:42 PM : Inserting entity with GID (0000000400000011).
7/19/2025 9:32:42 PM : Inserting entity with GID (0000000400000012).
7/19/2025 9:32:42 PM : Inserting entity with GID (0000000300000019).
7/19/2025 9:32:42 PM : Inserting entity with GID (000000030000001a).
7/19/2025 9:32:42 PM : Inserting entity with GID (000000030000001b).
7/19/2025 9:32:42 PM : Inserting entity with GID (0000000200000019).
7/19/2025 9:32:42 PM : Inserting entity with GID (000000020000001a).
7/19/2025 9:32:42 PM : Inserting entity with GID (000000020000001b).
7/19/2025 9:32:42 PM : Inserting entity with GID (000000010000001a).
7/19/2025 9:32:42 PM : Inserting entity with GID (000000010000001b).
7/19/2025 9:32:42 PM : Inserting entity with GID (000000010000001c).
7/19/2025 9:32:42 PM : Inserting entity with GID (000000060000001c).
7/19/2025 9:32:42 PM : Inserting entity with GID (000000060000001d).
7/19/2025 9:32:42 PM : Inserting entity with GID (000000060000001e).
7/19/2025 9:32:42 PM : Inserting entity with GID (0000000500000013).
7/19/2025 9:32:42 PM : Inserting entity with GID (0000000500000014).
7/19/2025 9:32:42 PM : Inserting entity with GID (0000000400000013).
7/19/2025 9:32:42 PM : Inserting entity with GID (0000000400000014).
7/19/2025 9:32:42 PM : Inserting entity with GID (000000030000001c).
7/19/2025 9:32:42 PM : Inserting entity with GID (000000030000001d).
7/19/2025 9:32:42 PM : Inserting entity with GID (000000030000001e).
7/19/2025 9:32:42 PM : Inserting entity with GID (000000020000001c).
7/19/2025 9:32:42 PM : Inserting entity with GID (000000020000001d).
7/19/2025 9:32:42 PM : Inserting entity with GID (000000020000001e).
7/19/2025 9:32:42 PM : Inserting entity with GID (000000010000001d).
7/19/2025 9:32:42 PM : Inserting entity with GID (000000010000001e).
7/19/2025 9:32:42 PM : Inserting entity with GID (000000010000001f).
7/19/2025 9:32:42 PM : Inserting entity with GID (000000060000001f).
7/19/2025 9:32:42 PM : Inserting entity with GID (0000000600000020).
7/19/2025 9:32:42 PM : Inserting entity with GID (0000000600000021).
7/19/2025 9:32:42 PM : Inserting entity with GID (0000000500000015).
7/19/2025 9:32:42 PM : Inserting entity with GID (0000000500000016).
7/19/2025 9:32:42 PM : Inserting entity with GID (0000000400000015).
7/19/2025 9:32:42 PM : Inserting entity with GID (0000000400000016).
7/19/2025 9:32:42 PM : Inserting entity with GID (000000030000001f).
7/19/2025 9:32:42 PM : Inserting entity with GID (0000000300000020).
7/19/2025 9:32:42 PM : Inserting entity with GID (0000000300000021).
7/19/2025 9:32:42 PM : Inserting entity with GID (000000020000001f).
7/19/2025 9:32:42 PM : Inserting entity with GID (0000000200000020).
7/19/2025 9:32:42 PM : Inserting entity with GID (0000000200000021).
7/19/2025 9:32:42 PM : Inserting entity with GID (0000000100000020).
7/19/2025 9:32:42 PM : Inserting entity with GID (0000000100000021).
7/19/2025 9:32:42 PM : Inserting entity with GID (0000000100000022).
7/19/2025 9:32:42 PM : Inserting entity with GID (0000000600000022).
7/19/2025 9:32:42 PM : Inserting entity with GID (0000000600000023).
7/19/2025 9:32:42 PM : Inserting entity with GID (0000000600000024).
7/19/2025 9:32:42 PM : Inserting entity with GID (0000000500000017).
7/19/2025 9:32:42 PM : Inserting entity with GID (0000000500000018).
7/19/2025 9:32:42 PM : Inserting entity with GID (0000000400000017).
7/19/2025 9:32:42 PM : Inserting entity with GID (0000000400000018).
7/19/2025 9:32:42 PM : Inserting entity with GID (0000000300000022).
7/19/2025 9:32:42 PM : Inserting entity with GID (0000000300000023).
7/19/2025 9:32:42 PM : Inserting entity with GID (0000000300000024).
7/19/2025 9:32:42 PM : Inserting entity with GID (0000000200000022).
7/19/2025 9:32:42 PM : Inserting entity with GID (0000000200000023).
7/19/2025 9:32:42 PM : Inserting entity with GID (0000000200000024).
7/19/2025 9:32:42 PM : Inserting entity with GID (0000000100000023).
7/19/2025 9:32:42 PM : Inserting entity with GID (0000000100000024).
7/19/2025 9:32:42 PM : Inserting entity with GID (0000000100000025).
7/19/2025 9:32:42 PM : Inserting entity with GID (0000000600000025).
7/19/2025 9:32:42 PM : Inserting entity with GID (0000000600000026).
7/19/2025 9:32:42 PM : Inserting entity with GID (0000000600000027).
7/19/2025 9:32:42 PM : Inserting entity with GID (0000000500000019).
7/19/2025 9:32:42 PM : Inserting entity with GID (000000050000001a).
7/19/2025 9:32:42 PM : Inserting entity with GID (0000000400000019).
7/19/2025 9:32:42 PM : Inserting entity with GID (000000040000001a).
7/19/2025 9:32:42 PM : Inserting entity with GID (0000000300000025).
7/19/2025 9:32:42 PM : Inserting entity with GID (0000000300000026).
7/19/2025 9:32:42 PM : Inserting entity with GID (0000000300000027).
7/19/2025 9:32:42 PM : Inserting entity with GID (0000000200000025).
7/19/2025 9:32:42 PM : Inserting entity with GID (0000000200000026).
7/19/2025 9:32:42 PM : Inserting entity with GID (0000000200000027).
7/19/2025 9:32:42 PM : Inserting entity with GID (0000000100000026).
7/19/2025 9:32:42 PM : Inserting entity with GID (0000000100000027).
7/19/2025 9:32:42 PM : Inserting entity with GID (0000000100000028).
7/19/2025 9:32:42 PM : Inserting entity with GID (0000000600000028).
7/19/2025 9:32:42 PM : Inserting entity with GID (0000000600000029).
7/19/2025 9:32:42 PM : Inserting entity with GID (000000060000002a).
7/19/2025 9:32:42 PM : Inserting entity with GID (000000050000001b).
7/19/2025 9:32:42 PM : Inserting entity with GID (000000050000001c).
7/19/2025 9:32:42 PM : Inserting entity with GID (000000040000001b).
7/19/2025 9:32:42 PM : Inserting entity with GID (000000040000001c).
7/19/2025 9:32:42 PM : Inserting entity with GID (0000000300000028).
7/19/2025 9:32:42 PM : Inserting entity with GID (0000000300000029).
7/19/2025 9:32:42 PM : Inserting entity with GID (000000030000002a).
7/19/2025 9:32:42 PM : Inserting entity with GID (0000000200000028).
7/19/2025 9:32:42 PM : Inserting entity with GID (0000000200000029).
7/19/2025 9:32:42 PM : Inserting entity with GID (000000020000002a).
7/19/2025 9:32:42 PM : Inserting entity with GID (0000000100000029).
7/19/2025 9:32:42 PM : Inserting entity with GID (000000010000002a).
7/19/2025 9:32:42 PM : Inserting entity with GID (000000010000002b).
7/19/2025 9:32:42 PM : Inserting entity with GID (000000060000002b).
7/19/2025 9:32:42 PM : Inserting entity with GID (000000060000002c).
7/19/2025 9:32:42 PM : Inserting entity with GID (000000060000002d).
7/19/2025 9:32:42 PM : Inserting entity with GID (000000050000001d).
7/19/2025 9:32:42 PM : Inserting entity with GID (000000050000001e).
7/19/2025 9:32:42 PM : Inserting entity with GID (000000040000001d).
7/19/2025 9:32:42 PM : Inserting entity with GID (000000040000001e).
7/19/2025 9:32:42 PM : Inserting entity with GID (000000030000002b).
7/19/2025 9:32:42 PM : Inserting entity with GID (000000030000002c).
7/19/2025 9:32:42 PM : Inserting entity with GID (000000030000002d).
7/19/2025 9:32:42 PM : Inserting entity with GID (000000020000002b).
7/19/2025 9:32:42 PM : Inserting entity with GID (000000020000002c).
7/19/2025 9:32:42 PM : Inserting entity with GID (000000020000002d).
7/19/2025 9:32:42 PM : Inserting entity with GID (000000010000002c).
7/19/2025 9:32:42 PM : Inserting entity with GID (000000010000002d).
7/19/2025 9:32:42 PM : Inserting entity with GID (000000010000002e).
7/19/2025 9:32:42 PM : Inserting entity with GID (000000060000002e).
7/19/2025 9:32:42 PM : Inserting entity with GID (000000060000002f).
7/19/2025 9:32:42 PM : Inserting entity with GID (0000000600000030).
7/19/2025 9:32:42 PM : Inserting entity with GID (000000050000001f).
7/19/2025 9:32:42 PM : Inserting entity with GID (0000000500000020).
7/19/2025 9:32:42 PM : Inserting entity with GID (000000040000001f).
7/19/2025 9:32:42 PM : Inserting entity with GID (0000000400000020).
7/19/2025 9:32:42 PM : Inserting entity with GID (000000030000002e).
7/19/2025 9:32:42 PM : Inserting entity with GID (000000030000002f).
7/19/2025 9:32:42 PM : Inserting entity with GID (0000000300000030).
7/19/2025 9:32:42 PM : Inserting entity with GID (000000020000002e).
7/19/2025 9:32:42 PM : Inserting entity with GID (000000020000002f).
7/19/2025 9:32:42 PM : Inserting entity with GID (0000000200000030).
7/19/2025 9:32:42 PM : Inserting entity with GID (000000010000002f).
7/19/2025 9:32:42 PM : Inserting entity with GID (0000000100000030).
7/19/2025 9:32:42 PM : Inserting entity with GID (0000000100000031).
7/19/2025 9:32:43 PM : The WCF service GenericDataAccess is ready.
7/19/2025 9:32:43 PM : Endpoints:
7/19/2025 9:32:43 PM : net.tcp://localhost:10000/NetworkModelService/GDA/
7/19/2025 9:32:43 PM : Connection string: ../NetworkModelData.data
7/19/2025 9:32:43 PM : Trace level: Info
7/19/2025 9:32:43 PM : The Network Model Service is started.
7/19/2025 9:32:43 PM : Press <Enter> to stop the service.
7/19/2025 9:36:55 PM : Starting Network Model Service...
7/19/2025 9:36:56 PM : Inserting entity with GID (0000000100000001).
7/19/2025 9:36:56 PM : Failed to insert entity (GID = 0x0000000100000001) into model. Index (zero based) must be greater than or equal to zero and less than the size of the argument list.
7/19/2025 9:36:56 PM : Error while applying delta (id = 1) during service initialization. Failed to insert entity (GID = 0x0000000100000001) into model. Index (zero based) must be greater than or equal to zero and less than the size of the argument list.
7/19/2025 9:36:56 PM : Inserting entity with GID (0000000600000001).
7/19/2025 9:36:56 PM : Inserting entity with GID (0000000600000002).
7/19/2025 9:36:56 PM : Inserting entity with GID (0000000600000003).
7/19/2025 9:36:56 PM : Inserting entity with GID (0000000500000001).
7/19/2025 9:36:56 PM : Inserting entity with GID (0000000500000002).
7/19/2025 9:36:56 PM : Inserting entity with GID (0000000400000001).
7/19/2025 9:36:56 PM : Inserting entity with GID (0000000400000002).
7/19/2025 9:36:56 PM : Inserting entity with GID (0000000300000001).
7/19/2025 9:36:56 PM : Inserting entity with GID (0000000300000002).
7/19/2025 9:36:56 PM : Inserting entity with GID (0000000300000003).
7/19/2025 9:36:56 PM : Inserting entity with GID (0000000200000001).
7/19/2025 9:36:56 PM : Inserting entity with GID (0000000200000002).
7/19/2025 9:36:56 PM : Inserting entity with GID (0000000200000003).
7/19/2025 9:36:56 PM : Inserting entity with GID (0000000100000002).
7/19/2025 9:36:56 PM : Inserting entity with GID (0000000100000003).
7/19/2025 9:36:56 PM : Inserting entity with GID (0000000100000004).
7/19/2025 9:36:56 PM : Inserting entity with GID (0000000600000004).
7/19/2025 9:36:56 PM : Inserting entity with GID (0000000600000005).
7/19/2025 9:36:56 PM : Inserting entity with GID (0000000600000006).
7/19/2025 9:36:56 PM : Inserting entity with GID (0000000500000003).
7/19/2025 9:36:56 PM : Inserting entity with GID (0000000500000004).
7/19/2025 9:36:56 PM : Inserting entity with GID (0000000400000003).
7/19/2025 9:36:56 PM : Inserting entity with GID (0000000400000004).
7/19/2025 9:36:56 PM : Inserting entity with GID (0000000300000004).
7/19/2025 9:36:56 PM : Inserting entity with GID (0000000300000005).
7/19/2025 9:36:56 PM : Inserting entity with GID (0000000300000006).
7/19/2025 9:36:56 PM : Inserting entity with GID (0000000200000004).
7/19/2025 9:36:56 PM : Inserting entity with GID (0000000200000005).
7/19/2025 9:36:56 PM : Inserting entity with GID (0000000200000006).
7/19/2025 9:36:56 PM : Inserting entity with GID (0000000100000005).
7/19/2025 9:36:56 PM : Inserting entity with GID (0000000100000006).
7/19/2025 9:36:56 PM : Inserting entity with GID (0000000100000007).
7/19/2025 9:36:56 PM : Inserting entity with GID (0000000600000007).
7/19/2025 9:36:56 PM : Inserting entity with GID (0000000600000008).
7/19/2025 9:36:56 PM : Inserting entity with GID (0000000600000009).
7/19/2025 9:36:56 PM : Inserting entity with GID (0000000500000005).
7/19/2025 9:36:56 PM : Inserting entity with GID (0000000500000006).
7/19/2025 9:36:56 PM : Inserting entity with GID (0000000400000005).
7/19/2025 9:36:56 PM : Inserting entity with GID (0000000400000006).
7/19/2025 9:36:56 PM : Inserting entity with GID (0000000300000007).
7/19/2025 9:36:56 PM : Inserting entity with GID (0000000300000008).
7/19/2025 9:36:56 PM : Inserting entity with GID (0000000300000009).
7/19/2025 9:36:56 PM : Inserting entity with GID (0000000200000007).
7/19/2025 9:36:56 PM : Inserting entity with GID (0000000200000008).
7/19/2025 9:36:56 PM : Inserting entity with GID (0000000200000009).
7/19/2025 9:36:56 PM : Inserting entity with GID (0000000100000008).
7/19/2025 9:36:56 PM : Inserting entity with GID (0000000100000009).
7/19/2025 9:36:56 PM : Inserting entity with GID (000000010000000a).
7/19/2025 9:36:56 PM : Inserting entity with GID (000000060000000a).
7/19/2025 9:36:56 PM : Inserting entity with GID (000000060000000b).
7/19/2025 9:36:56 PM : Inserting entity with GID (000000060000000c).
7/19/2025 9:36:56 PM : Inserting entity with GID (0000000500000007).
7/19/2025 9:36:56 PM : Inserting entity with GID (0000000500000008).
7/19/2025 9:36:56 PM : Inserting entity with GID (0000000400000007).
7/19/2025 9:36:56 PM : Inserting entity with GID (0000000400000008).
7/19/2025 9:36:56 PM : Inserting entity with GID (000000030000000a).
7/19/2025 9:36:56 PM : Inserting entity with GID (000000030000000b).
7/19/2025 9:36:56 PM : Inserting entity with GID (000000030000000c).
7/19/2025 9:36:56 PM : Inserting entity with GID (000000020000000a).
7/19/2025 9:36:56 PM : Inserting entity with GID (000000020000000b).
7/19/2025 9:36:56 PM : Inserting entity with GID (000000020000000c).
7/19/2025 9:36:56 PM : Inserting entity with GID (000000010000000b).
7/19/2025 9:36:56 PM : Inserting entity with GID (000000010000000c).
7/19/2025 9:36:56 PM : Inserting entity with GID (000000010000000d).
7/19/2025 9:36:56 PM : Inserting entity with GID (000000060000000d).
7/19/2025 9:36:56 PM : Inserting entity with GID (000000060000000e).
7/19/2025 9:36:56 PM : Inserting entity with GID (000000060000000f).
7/19/2025 9:36:56 PM : Inserting entity with GID (0000000500000009).
7/19/2025 9:36:56 PM : Inserting entity with GID (000000050000000a).
7/19/2025 9:36:56 PM : Inserting entity with GID (0000000400000009).
7/19/2025 9:36:56 PM : Inserting entity with GID (000000040000000a).
7/19/2025 9:36:56 PM : Inserting entity with GID (000000030000000d).
7/19/2025 9:36:56 PM : Inserting entity with GID (000000030000000e).
7/19/2025 9:36:56 PM : Inserting entity with GID (000000030000000f).
7/19/2025 9:36:56 PM : Inserting entity with GID (000000020000000d).
7/19/2025 9:36:56 PM : Inserting entity with GID (000000020000000e).
7/19/2025 9:36:56 PM : Inserting entity with GID (000000020000000f).
7/19/2025 9:36:56 PM : Inserting entity with GID (000000010000000e).
7/19/2025 9:36:56 PM : Inserting entity with GID (000000010000000f).
7/19/2025 9:36:56 PM : Inserting entity with GID (0000000100000010).
7/19/2025 9:36:56 PM : Inserting entity with GID (0000000600000010).
7/19/2025 9:36:56 PM : Inserting entity with GID (0000000600000011).
7/19/2025 9:36:56 PM : Inserting entity with GID (0000000600000012).
7/19/2025 9:36:56 PM : Inserting entity with GID (000000050000000b).
7/19/2025 9:36:56 PM : Inserting entity with GID (000000050000000c).
7/19/2025 9:36:56 PM : Inserting entity with GID (000000040000000b).
7/19/2025 9:36:56 PM : Inserting entity with GID (000000040000000c).
7/19/2025 9:36:56 PM : Inserting entity with GID (0000000300000010).
7/19/2025 9:36:56 PM : Inserting entity with GID (0000000300000011).
7/19/2025 9:36:56 PM : Inserting entity with GID (0000000300000012).
7/19/2025 9:36:56 PM : Inserting entity with GID (0000000200000010).
7/19/2025 9:36:56 PM : Inserting entity with GID (0000000200000011).
7/19/2025 9:36:56 PM : Inserting entity with GID (0000000200000012).
7/19/2025 9:36:56 PM : Inserting entity with GID (0000000100000011).
7/19/2025 9:36:56 PM : Inserting entity with GID (0000000100000012).
7/19/2025 9:36:56 PM : Inserting entity with GID (0000000100000013).
7/19/2025 9:36:56 PM : Inserting entity with GID (0000000600000013).
7/19/2025 9:36:56 PM : Inserting entity with GID (0000000600000014).
7/19/2025 9:36:56 PM : Inserting entity with GID (0000000600000015).
7/19/2025 9:36:56 PM : Inserting entity with GID (000000050000000d).
7/19/2025 9:36:56 PM : Inserting entity with GID (000000050000000e).
7/19/2025 9:36:56 PM : Inserting entity with GID (000000040000000d).
7/19/2025 9:36:56 PM : Inserting entity with GID (000000040000000e).
7/19/2025 9:36:56 PM : Inserting entity with GID (0000000300000013).
7/19/2025 9:36:56 PM : Inserting entity with GID (0000000300000014).
7/19/2025 9:36:56 PM : Inserting entity with GID (0000000300000015).
7/19/2025 9:36:56 PM : Inserting entity with GID (0000000200000013).
7/19/2025 9:36:56 PM : Inserting entity with GID (0000000200000014).
7/19/2025 9:36:56 PM : Inserting entity with GID (0000000200000015).
7/19/2025 9:36:56 PM : Inserting entity with GID (0000000100000014).
7/19/2025 9:36:56 PM : Inserting entity with GID (0000000100000015).
7/19/2025 9:36:56 PM : Inserting entity with GID (0000000100000016).
7/19/2025 9:36:56 PM : Inserting entity with GID (0000000600000016).
7/19/2025 9:36:56 PM : Inserting entity with GID (0000000600000017).
7/19/2025 9:36:56 PM : Inserting entity with GID (0000000600000018).
7/19/2025 9:36:56 PM : Inserting entity with GID (000000050000000f).
7/19/2025 9:36:56 PM : Inserting entity with GID (0000000500000010).
7/19/2025 9:36:56 PM : Inserting entity with GID (000000040000000f).
7/19/2025 9:36:56 PM : Inserting entity with GID (0000000400000010).
7/19/2025 9:36:56 PM : Inserting entity with GID (0000000300000016).
7/19/2025 9:36:56 PM : Inserting entity with GID (0000000300000017).
7/19/2025 9:36:56 PM : Inserting entity with GID (0000000300000018).
7/19/2025 9:36:56 PM : Inserting entity with GID (0000000200000016).
7/19/2025 9:36:56 PM : Inserting entity with GID (0000000200000017).
7/19/2025 9:36:56 PM : Inserting entity with GID (0000000200000018).
7/19/2025 9:36:56 PM : Inserting entity with GID (0000000100000017).
7/19/2025 9:36:56 PM : Inserting entity with GID (0000000100000018).
7/19/2025 9:36:56 PM : Inserting entity with GID (0000000100000019).
7/19/2025 9:36:56 PM : Inserting entity with GID (0000000600000019).
7/19/2025 9:36:56 PM : Inserting entity with GID (000000060000001a).
7/19/2025 9:36:56 PM : Inserting entity with GID (000000060000001b).
7/19/2025 9:36:56 PM : Inserting entity with GID (0000000500000011).
7/19/2025 9:36:56 PM : Inserting entity with GID (0000000500000012).
7/19/2025 9:36:56 PM : Inserting entity with GID (0000000400000011).
7/19/2025 9:36:56 PM : Inserting entity with GID (0000000400000012).
7/19/2025 9:36:56 PM : Inserting entity with GID (0000000300000019).
7/19/2025 9:36:56 PM : Inserting entity with GID (000000030000001a).
7/19/2025 9:36:56 PM : Inserting entity with GID (000000030000001b).
7/19/2025 9:36:56 PM : Inserting entity with GID (0000000200000019).
7/19/2025 9:36:56 PM : Inserting entity with GID (000000020000001a).
7/19/2025 9:36:56 PM : Inserting entity with GID (000000020000001b).
7/19/2025 9:36:56 PM : Inserting entity with GID (000000010000001a).
7/19/2025 9:36:56 PM : Inserting entity with GID (000000010000001b).
7/19/2025 9:36:56 PM : Inserting entity with GID (000000010000001c).
7/19/2025 9:36:56 PM : Inserting entity with GID (000000060000001c).
7/19/2025 9:36:56 PM : Inserting entity with GID (000000060000001d).
7/19/2025 9:36:56 PM : Inserting entity with GID (000000060000001e).
7/19/2025 9:36:56 PM : Inserting entity with GID (0000000500000013).
7/19/2025 9:36:56 PM : Inserting entity with GID (0000000500000014).
7/19/2025 9:36:56 PM : Inserting entity with GID (0000000400000013).
7/19/2025 9:36:56 PM : Inserting entity with GID (0000000400000014).
7/19/2025 9:36:56 PM : Inserting entity with GID (000000030000001c).
7/19/2025 9:36:56 PM : Inserting entity with GID (000000030000001d).
7/19/2025 9:36:56 PM : Inserting entity with GID (000000030000001e).
7/19/2025 9:36:56 PM : Inserting entity with GID (000000020000001c).
7/19/2025 9:36:56 PM : Inserting entity with GID (000000020000001d).
7/19/2025 9:36:56 PM : Inserting entity with GID (000000020000001e).
7/19/2025 9:36:56 PM : Inserting entity with GID (000000010000001d).
7/19/2025 9:36:56 PM : Inserting entity with GID (000000010000001e).
7/19/2025 9:36:56 PM : Inserting entity with GID (000000010000001f).
7/19/2025 9:36:56 PM : Inserting entity with GID (000000060000001f).
7/19/2025 9:36:56 PM : Inserting entity with GID (0000000600000020).
7/19/2025 9:36:56 PM : Inserting entity with GID (0000000600000021).
7/19/2025 9:36:56 PM : Inserting entity with GID (0000000500000015).
7/19/2025 9:36:56 PM : Inserting entity with GID (0000000500000016).
7/19/2025 9:36:56 PM : Inserting entity with GID (0000000400000015).
7/19/2025 9:36:56 PM : Inserting entity with GID (0000000400000016).
7/19/2025 9:36:56 PM : Inserting entity with GID (000000030000001f).
7/19/2025 9:36:56 PM : Inserting entity with GID (0000000300000020).
7/19/2025 9:36:56 PM : Inserting entity with GID (0000000300000021).
7/19/2025 9:36:56 PM : Inserting entity with GID (000000020000001f).
7/19/2025 9:36:56 PM : Inserting entity with GID (0000000200000020).
7/19/2025 9:36:56 PM : Inserting entity with GID (0000000200000021).
7/19/2025 9:36:56 PM : Inserting entity with GID (0000000100000020).
7/19/2025 9:36:56 PM : Inserting entity with GID (0000000100000021).
7/19/2025 9:36:56 PM : Inserting entity with GID (0000000100000022).
7/19/2025 9:36:56 PM : Inserting entity with GID (0000000600000022).
7/19/2025 9:36:56 PM : Inserting entity with GID (0000000600000023).
7/19/2025 9:36:56 PM : Inserting entity with GID (0000000600000024).
7/19/2025 9:36:56 PM : Inserting entity with GID (0000000500000017).
7/19/2025 9:36:56 PM : Inserting entity with GID (0000000500000018).
7/19/2025 9:36:56 PM : Inserting entity with GID (0000000400000017).
7/19/2025 9:36:56 PM : Inserting entity with GID (0000000400000018).
7/19/2025 9:36:56 PM : Inserting entity with GID (0000000300000022).
7/19/2025 9:36:56 PM : Inserting entity with GID (0000000300000023).
7/19/2025 9:36:56 PM : Inserting entity with GID (0000000300000024).
7/19/2025 9:36:56 PM : Inserting entity with GID (0000000200000022).
7/19/2025 9:36:56 PM : Inserting entity with GID (0000000200000023).
7/19/2025 9:36:56 PM : Inserting entity with GID (0000000200000024).
7/19/2025 9:36:56 PM : Inserting entity with GID (0000000100000023).
7/19/2025 9:36:56 PM : Inserting entity with GID (0000000100000024).
7/19/2025 9:36:56 PM : Inserting entity with GID (0000000100000025).
7/19/2025 9:36:56 PM : Inserting entity with GID (0000000600000025).
7/19/2025 9:36:56 PM : Inserting entity with GID (0000000600000026).
7/19/2025 9:36:56 PM : Inserting entity with GID (0000000600000027).
7/19/2025 9:36:56 PM : Inserting entity with GID (0000000500000019).
7/19/2025 9:36:56 PM : Inserting entity with GID (000000050000001a).
7/19/2025 9:36:56 PM : Inserting entity with GID (0000000400000019).
7/19/2025 9:36:56 PM : Inserting entity with GID (000000040000001a).
7/19/2025 9:36:56 PM : Inserting entity with GID (0000000300000025).
7/19/2025 9:36:56 PM : Inserting entity with GID (0000000300000026).
7/19/2025 9:36:56 PM : Inserting entity with GID (0000000300000027).
7/19/2025 9:36:56 PM : Inserting entity with GID (0000000200000025).
7/19/2025 9:36:56 PM : Inserting entity with GID (0000000200000026).
7/19/2025 9:36:56 PM : Inserting entity with GID (0000000200000027).
7/19/2025 9:36:56 PM : Inserting entity with GID (0000000100000026).
7/19/2025 9:36:56 PM : Inserting entity with GID (0000000100000027).
7/19/2025 9:36:56 PM : Inserting entity with GID (0000000100000028).
7/19/2025 9:36:56 PM : Inserting entity with GID (0000000600000028).
7/19/2025 9:36:56 PM : Inserting entity with GID (0000000600000029).
7/19/2025 9:36:56 PM : Inserting entity with GID (000000060000002a).
7/19/2025 9:36:56 PM : Inserting entity with GID (000000050000001b).
7/19/2025 9:36:56 PM : Inserting entity with GID (000000050000001c).
7/19/2025 9:36:56 PM : Inserting entity with GID (000000040000001b).
7/19/2025 9:36:56 PM : Inserting entity with GID (000000040000001c).
7/19/2025 9:36:56 PM : Inserting entity with GID (0000000300000028).
7/19/2025 9:36:56 PM : Inserting entity with GID (0000000300000029).
7/19/2025 9:36:56 PM : Inserting entity with GID (000000030000002a).
7/19/2025 9:36:56 PM : Inserting entity with GID (0000000200000028).
7/19/2025 9:36:56 PM : Inserting entity with GID (0000000200000029).
7/19/2025 9:36:56 PM : Inserting entity with GID (000000020000002a).
7/19/2025 9:36:56 PM : Inserting entity with GID (0000000100000029).
7/19/2025 9:36:56 PM : Inserting entity with GID (000000010000002a).
7/19/2025 9:36:56 PM : Inserting entity with GID (000000010000002b).
7/19/2025 9:36:56 PM : Inserting entity with GID (000000060000002b).
7/19/2025 9:36:56 PM : Inserting entity with GID (000000060000002c).
7/19/2025 9:36:56 PM : Inserting entity with GID (000000060000002d).
7/19/2025 9:36:56 PM : Inserting entity with GID (000000050000001d).
7/19/2025 9:36:56 PM : Inserting entity with GID (000000050000001e).
7/19/2025 9:36:56 PM : Inserting entity with GID (000000040000001d).
7/19/2025 9:36:56 PM : Inserting entity with GID (000000040000001e).
7/19/2025 9:36:56 PM : Inserting entity with GID (000000030000002b).
7/19/2025 9:36:56 PM : Inserting entity with GID (000000030000002c).
7/19/2025 9:36:56 PM : Inserting entity with GID (000000030000002d).
7/19/2025 9:36:56 PM : Inserting entity with GID (000000020000002b).
7/19/2025 9:36:56 PM : Inserting entity with GID (000000020000002c).
7/19/2025 9:36:56 PM : Inserting entity with GID (000000020000002d).
7/19/2025 9:36:56 PM : Inserting entity with GID (000000010000002c).
7/19/2025 9:36:56 PM : Inserting entity with GID (000000010000002d).
7/19/2025 9:36:56 PM : Inserting entity with GID (000000010000002e).
7/19/2025 9:36:56 PM : Inserting entity with GID (000000060000002e).
7/19/2025 9:36:56 PM : Inserting entity with GID (000000060000002f).
7/19/2025 9:36:56 PM : Inserting entity with GID (0000000600000030).
7/19/2025 9:36:56 PM : Inserting entity with GID (000000050000001f).
7/19/2025 9:36:56 PM : Inserting entity with GID (0000000500000020).
7/19/2025 9:36:56 PM : Inserting entity with GID (000000040000001f).
7/19/2025 9:36:56 PM : Inserting entity with GID (0000000400000020).
7/19/2025 9:36:56 PM : Inserting entity with GID (000000030000002e).
7/19/2025 9:36:56 PM : Inserting entity with GID (000000030000002f).
7/19/2025 9:36:56 PM : Inserting entity with GID (0000000300000030).
7/19/2025 9:36:56 PM : Inserting entity with GID (000000020000002e).
7/19/2025 9:36:56 PM : Inserting entity with GID (000000020000002f).
7/19/2025 9:36:56 PM : Inserting entity with GID (0000000200000030).
7/19/2025 9:36:56 PM : Inserting entity with GID (000000010000002f).
7/19/2025 9:36:56 PM : Inserting entity with GID (0000000100000030).
7/19/2025 9:36:56 PM : Inserting entity with GID (0000000100000031).
7/19/2025 9:36:57 PM : The WCF service GenericDataAccess is ready.
7/19/2025 9:36:57 PM : Endpoints:
7/19/2025 9:36:57 PM : net.tcp://localhost:10000/NetworkModelService/GDA/
7/19/2025 9:36:57 PM : Connection string: ../NetworkModelData.data
7/19/2025 9:36:57 PM : Trace level: Info
7/19/2025 9:36:57 PM : The Network Model Service is started.
7/19/2025 9:36:57 PM : Press <Enter> to stop the service.
7/19/2025 9:43:25 PM : Starting Network Model Service...
7/19/2025 9:43:25 PM : Inserting entity with GID (0000000100000001).
7/19/2025 9:43:25 PM : Failed to insert entity (GID = 0x0000000100000001) into model. Index (zero based) must be greater than or equal to zero and less than the size of the argument list.
7/19/2025 9:43:25 PM : Error while applying delta (id = 1) during service initialization. Failed to insert entity (GID = 0x0000000100000001) into model. Index (zero based) must be greater than or equal to zero and less than the size of the argument list.
7/19/2025 9:43:25 PM : Inserting entity with GID (0000000600000001).
7/19/2025 9:43:25 PM : Inserting entity with GID (0000000600000002).
7/19/2025 9:43:25 PM : Inserting entity with GID (0000000600000003).
7/19/2025 9:43:25 PM : Inserting entity with GID (0000000500000001).
7/19/2025 9:43:25 PM : Inserting entity with GID (0000000500000002).
7/19/2025 9:43:25 PM : Inserting entity with GID (0000000400000001).
7/19/2025 9:43:25 PM : Inserting entity with GID (0000000400000002).
7/19/2025 9:43:25 PM : Inserting entity with GID (0000000300000001).
7/19/2025 9:43:25 PM : Inserting entity with GID (0000000300000002).
7/19/2025 9:43:25 PM : Inserting entity with GID (0000000300000003).
7/19/2025 9:43:25 PM : Inserting entity with GID (0000000200000001).
7/19/2025 9:43:25 PM : Inserting entity with GID (0000000200000002).
7/19/2025 9:43:25 PM : Inserting entity with GID (0000000200000003).
7/19/2025 9:43:25 PM : Inserting entity with GID (0000000100000002).
7/19/2025 9:43:25 PM : Inserting entity with GID (0000000100000003).
7/19/2025 9:43:25 PM : Inserting entity with GID (0000000100000004).
7/19/2025 9:43:25 PM : Inserting entity with GID (0000000600000004).
7/19/2025 9:43:25 PM : Inserting entity with GID (0000000600000005).
7/19/2025 9:43:25 PM : Inserting entity with GID (0000000600000006).
7/19/2025 9:43:25 PM : Inserting entity with GID (0000000500000003).
7/19/2025 9:43:25 PM : Inserting entity with GID (0000000500000004).
7/19/2025 9:43:25 PM : Inserting entity with GID (0000000400000003).
7/19/2025 9:43:25 PM : Inserting entity with GID (0000000400000004).
7/19/2025 9:43:25 PM : Inserting entity with GID (0000000300000004).
7/19/2025 9:43:25 PM : Inserting entity with GID (0000000300000005).
7/19/2025 9:43:25 PM : Inserting entity with GID (0000000300000006).
7/19/2025 9:43:25 PM : Inserting entity with GID (0000000200000004).
7/19/2025 9:43:25 PM : Inserting entity with GID (0000000200000005).
7/19/2025 9:43:25 PM : Inserting entity with GID (0000000200000006).
7/19/2025 9:43:25 PM : Inserting entity with GID (0000000100000005).
7/19/2025 9:43:25 PM : Inserting entity with GID (0000000100000006).
7/19/2025 9:43:25 PM : Inserting entity with GID (0000000100000007).
7/19/2025 9:43:25 PM : Inserting entity with GID (0000000600000007).
7/19/2025 9:43:25 PM : Inserting entity with GID (0000000600000008).
7/19/2025 9:43:25 PM : Inserting entity with GID (0000000600000009).
7/19/2025 9:43:25 PM : Inserting entity with GID (0000000500000005).
7/19/2025 9:43:25 PM : Inserting entity with GID (0000000500000006).
7/19/2025 9:43:25 PM : Inserting entity with GID (0000000400000005).
7/19/2025 9:43:25 PM : Inserting entity with GID (0000000400000006).
7/19/2025 9:43:25 PM : Inserting entity with GID (0000000300000007).
7/19/2025 9:43:25 PM : Inserting entity with GID (0000000300000008).
7/19/2025 9:43:25 PM : Inserting entity with GID (0000000300000009).
7/19/2025 9:43:25 PM : Inserting entity with GID (0000000200000007).
7/19/2025 9:43:25 PM : Inserting entity with GID (0000000200000008).
7/19/2025 9:43:25 PM : Inserting entity with GID (0000000200000009).
7/19/2025 9:43:25 PM : Inserting entity with GID (0000000100000008).
7/19/2025 9:43:25 PM : Inserting entity with GID (0000000100000009).
7/19/2025 9:43:25 PM : Inserting entity with GID (000000010000000a).
7/19/2025 9:43:25 PM : Inserting entity with GID (000000060000000a).
7/19/2025 9:43:25 PM : Inserting entity with GID (000000060000000b).
7/19/2025 9:43:25 PM : Inserting entity with GID (000000060000000c).
7/19/2025 9:43:25 PM : Inserting entity with GID (0000000500000007).
7/19/2025 9:43:25 PM : Inserting entity with GID (0000000500000008).
7/19/2025 9:43:25 PM : Inserting entity with GID (0000000400000007).
7/19/2025 9:43:25 PM : Inserting entity with GID (0000000400000008).
7/19/2025 9:43:25 PM : Inserting entity with GID (000000030000000a).
7/19/2025 9:43:25 PM : Inserting entity with GID (000000030000000b).
7/19/2025 9:43:25 PM : Inserting entity with GID (000000030000000c).
7/19/2025 9:43:25 PM : Inserting entity with GID (000000020000000a).
7/19/2025 9:43:25 PM : Inserting entity with GID (000000020000000b).
7/19/2025 9:43:25 PM : Inserting entity with GID (000000020000000c).
7/19/2025 9:43:25 PM : Inserting entity with GID (000000010000000b).
7/19/2025 9:43:25 PM : Inserting entity with GID (000000010000000c).
7/19/2025 9:43:25 PM : Inserting entity with GID (000000010000000d).
7/19/2025 9:43:25 PM : Inserting entity with GID (000000060000000d).
7/19/2025 9:43:26 PM : Inserting entity with GID (000000060000000e).
7/19/2025 9:43:26 PM : Inserting entity with GID (000000060000000f).
7/19/2025 9:43:26 PM : Inserting entity with GID (0000000500000009).
7/19/2025 9:43:26 PM : Inserting entity with GID (000000050000000a).
7/19/2025 9:43:26 PM : Inserting entity with GID (0000000400000009).
7/19/2025 9:43:26 PM : Inserting entity with GID (000000040000000a).
7/19/2025 9:43:26 PM : Inserting entity with GID (000000030000000d).
7/19/2025 9:43:26 PM : Inserting entity with GID (000000030000000e).
7/19/2025 9:43:26 PM : Inserting entity with GID (000000030000000f).
7/19/2025 9:43:26 PM : Inserting entity with GID (000000020000000d).
7/19/2025 9:43:26 PM : Inserting entity with GID (000000020000000e).
7/19/2025 9:43:26 PM : Inserting entity with GID (000000020000000f).
7/19/2025 9:43:26 PM : Inserting entity with GID (000000010000000e).
7/19/2025 9:43:26 PM : Inserting entity with GID (000000010000000f).
7/19/2025 9:43:26 PM : Inserting entity with GID (0000000100000010).
7/19/2025 9:43:26 PM : Inserting entity with GID (0000000600000010).
7/19/2025 9:43:26 PM : Inserting entity with GID (0000000600000011).
7/19/2025 9:43:26 PM : Inserting entity with GID (0000000600000012).
7/19/2025 9:43:26 PM : Inserting entity with GID (000000050000000b).
7/19/2025 9:43:26 PM : Inserting entity with GID (000000050000000c).
7/19/2025 9:43:26 PM : Inserting entity with GID (000000040000000b).
7/19/2025 9:43:26 PM : Inserting entity with GID (000000040000000c).
7/19/2025 9:43:26 PM : Inserting entity with GID (0000000300000010).
7/19/2025 9:43:26 PM : Inserting entity with GID (0000000300000011).
7/19/2025 9:43:26 PM : Inserting entity with GID (0000000300000012).
7/19/2025 9:43:26 PM : Inserting entity with GID (0000000200000010).
7/19/2025 9:43:26 PM : Inserting entity with GID (0000000200000011).
7/19/2025 9:43:26 PM : Inserting entity with GID (0000000200000012).
7/19/2025 9:43:26 PM : Inserting entity with GID (0000000100000011).
7/19/2025 9:43:26 PM : Inserting entity with GID (0000000100000012).
7/19/2025 9:43:26 PM : Inserting entity with GID (0000000100000013).
7/19/2025 9:43:26 PM : Inserting entity with GID (0000000600000013).
7/19/2025 9:43:26 PM : Inserting entity with GID (0000000600000014).
7/19/2025 9:43:26 PM : Inserting entity with GID (0000000600000015).
7/19/2025 9:43:26 PM : Inserting entity with GID (000000050000000d).
7/19/2025 9:43:26 PM : Inserting entity with GID (000000050000000e).
7/19/2025 9:43:26 PM : Inserting entity with GID (000000040000000d).
7/19/2025 9:43:26 PM : Inserting entity with GID (000000040000000e).
7/19/2025 9:43:26 PM : Inserting entity with GID (0000000300000013).
7/19/2025 9:43:26 PM : Inserting entity with GID (0000000300000014).
7/19/2025 9:43:26 PM : Inserting entity with GID (0000000300000015).
7/19/2025 9:43:26 PM : Inserting entity with GID (0000000200000013).
7/19/2025 9:43:26 PM : Inserting entity with GID (0000000200000014).
7/19/2025 9:43:26 PM : Inserting entity with GID (0000000200000015).
7/19/2025 9:43:26 PM : Inserting entity with GID (0000000100000014).
7/19/2025 9:43:26 PM : Inserting entity with GID (0000000100000015).
7/19/2025 9:43:26 PM : Inserting entity with GID (0000000100000016).
7/19/2025 9:43:26 PM : Inserting entity with GID (0000000600000016).
7/19/2025 9:43:26 PM : Inserting entity with GID (0000000600000017).
7/19/2025 9:43:26 PM : Inserting entity with GID (0000000600000018).
7/19/2025 9:43:26 PM : Inserting entity with GID (000000050000000f).
7/19/2025 9:43:26 PM : Inserting entity with GID (0000000500000010).
7/19/2025 9:43:26 PM : Inserting entity with GID (000000040000000f).
7/19/2025 9:43:26 PM : Inserting entity with GID (0000000400000010).
7/19/2025 9:43:26 PM : Inserting entity with GID (0000000300000016).
7/19/2025 9:43:26 PM : Inserting entity with GID (0000000300000017).
7/19/2025 9:43:26 PM : Inserting entity with GID (0000000300000018).
7/19/2025 9:43:26 PM : Inserting entity with GID (0000000200000016).
7/19/2025 9:43:26 PM : Inserting entity with GID (0000000200000017).
7/19/2025 9:43:26 PM : Inserting entity with GID (0000000200000018).
7/19/2025 9:43:26 PM : Inserting entity with GID (0000000100000017).
7/19/2025 9:43:26 PM : Inserting entity with GID (0000000100000018).
7/19/2025 9:43:26 PM : Inserting entity with GID (0000000100000019).
7/19/2025 9:43:26 PM : Inserting entity with GID (0000000600000019).
7/19/2025 9:43:26 PM : Inserting entity with GID (000000060000001a).
7/19/2025 9:43:26 PM : Inserting entity with GID (000000060000001b).
7/19/2025 9:43:26 PM : Inserting entity with GID (0000000500000011).
7/19/2025 9:43:26 PM : Inserting entity with GID (0000000500000012).
7/19/2025 9:43:26 PM : Inserting entity with GID (0000000400000011).
7/19/2025 9:43:26 PM : Inserting entity with GID (0000000400000012).
7/19/2025 9:43:26 PM : Inserting entity with GID (0000000300000019).
7/19/2025 9:43:26 PM : Inserting entity with GID (000000030000001a).
7/19/2025 9:43:26 PM : Inserting entity with GID (000000030000001b).
7/19/2025 9:43:26 PM : Inserting entity with GID (0000000200000019).
7/19/2025 9:43:26 PM : Inserting entity with GID (000000020000001a).
7/19/2025 9:43:26 PM : Inserting entity with GID (000000020000001b).
7/19/2025 9:43:26 PM : Inserting entity with GID (000000010000001a).
7/19/2025 9:43:26 PM : Inserting entity with GID (000000010000001b).
7/19/2025 9:43:26 PM : Inserting entity with GID (000000010000001c).
7/19/2025 9:43:26 PM : Inserting entity with GID (000000060000001c).
7/19/2025 9:43:26 PM : Inserting entity with GID (000000060000001d).
7/19/2025 9:43:26 PM : Inserting entity with GID (000000060000001e).
7/19/2025 9:43:26 PM : Inserting entity with GID (0000000500000013).
7/19/2025 9:43:26 PM : Inserting entity with GID (0000000500000014).
7/19/2025 9:43:26 PM : Inserting entity with GID (0000000400000013).
7/19/2025 9:43:26 PM : Inserting entity with GID (0000000400000014).
7/19/2025 9:43:26 PM : Inserting entity with GID (000000030000001c).
7/19/2025 9:43:26 PM : Inserting entity with GID (000000030000001d).
7/19/2025 9:43:26 PM : Inserting entity with GID (000000030000001e).
7/19/2025 9:43:26 PM : Inserting entity with GID (000000020000001c).
7/19/2025 9:43:26 PM : Inserting entity with GID (000000020000001d).
7/19/2025 9:43:26 PM : Inserting entity with GID (000000020000001e).
7/19/2025 9:43:26 PM : Inserting entity with GID (000000010000001d).
7/19/2025 9:43:26 PM : Inserting entity with GID (000000010000001e).
7/19/2025 9:43:26 PM : Inserting entity with GID (000000010000001f).
7/19/2025 9:43:26 PM : Inserting entity with GID (000000060000001f).
7/19/2025 9:43:26 PM : Inserting entity with GID (0000000600000020).
7/19/2025 9:43:26 PM : Inserting entity with GID (0000000600000021).
7/19/2025 9:43:26 PM : Inserting entity with GID (0000000500000015).
7/19/2025 9:43:26 PM : Inserting entity with GID (0000000500000016).
7/19/2025 9:43:26 PM : Inserting entity with GID (0000000400000015).
7/19/2025 9:43:26 PM : Inserting entity with GID (0000000400000016).
7/19/2025 9:43:26 PM : Inserting entity with GID (000000030000001f).
7/19/2025 9:43:26 PM : Inserting entity with GID (0000000300000020).
7/19/2025 9:43:26 PM : Inserting entity with GID (0000000300000021).
7/19/2025 9:43:26 PM : Inserting entity with GID (000000020000001f).
7/19/2025 9:43:26 PM : Inserting entity with GID (0000000200000020).
7/19/2025 9:43:26 PM : Inserting entity with GID (0000000200000021).
7/19/2025 9:43:26 PM : Inserting entity with GID (0000000100000020).
7/19/2025 9:43:26 PM : Inserting entity with GID (0000000100000021).
7/19/2025 9:43:26 PM : Inserting entity with GID (0000000100000022).
7/19/2025 9:43:26 PM : Inserting entity with GID (0000000600000022).
7/19/2025 9:43:26 PM : Inserting entity with GID (0000000600000023).
7/19/2025 9:43:26 PM : Inserting entity with GID (0000000600000024).
7/19/2025 9:43:26 PM : Inserting entity with GID (0000000500000017).
7/19/2025 9:43:26 PM : Inserting entity with GID (0000000500000018).
7/19/2025 9:43:26 PM : Inserting entity with GID (0000000400000017).
7/19/2025 9:43:26 PM : Inserting entity with GID (0000000400000018).
7/19/2025 9:43:26 PM : Inserting entity with GID (0000000300000022).
7/19/2025 9:43:26 PM : Inserting entity with GID (0000000300000023).
7/19/2025 9:43:26 PM : Inserting entity with GID (0000000300000024).
7/19/2025 9:43:26 PM : Inserting entity with GID (0000000200000022).
7/19/2025 9:43:26 PM : Inserting entity with GID (0000000200000023).
7/19/2025 9:43:26 PM : Inserting entity with GID (0000000200000024).
7/19/2025 9:43:26 PM : Inserting entity with GID (0000000100000023).
7/19/2025 9:43:26 PM : Inserting entity with GID (0000000100000024).
7/19/2025 9:43:26 PM : Inserting entity with GID (0000000100000025).
7/19/2025 9:43:26 PM : Inserting entity with GID (0000000600000025).
7/19/2025 9:43:26 PM : Inserting entity with GID (0000000600000026).
7/19/2025 9:43:26 PM : Inserting entity with GID (0000000600000027).
7/19/2025 9:43:26 PM : Inserting entity with GID (0000000500000019).
7/19/2025 9:43:26 PM : Inserting entity with GID (000000050000001a).
7/19/2025 9:43:26 PM : Inserting entity with GID (0000000400000019).
7/19/2025 9:43:26 PM : Inserting entity with GID (000000040000001a).
7/19/2025 9:43:26 PM : Inserting entity with GID (0000000300000025).
7/19/2025 9:43:26 PM : Inserting entity with GID (0000000300000026).
7/19/2025 9:43:26 PM : Inserting entity with GID (0000000300000027).
7/19/2025 9:43:26 PM : Inserting entity with GID (0000000200000025).
7/19/2025 9:43:26 PM : Inserting entity with GID (0000000200000026).
7/19/2025 9:43:26 PM : Inserting entity with GID (0000000200000027).
7/19/2025 9:43:26 PM : Inserting entity with GID (0000000100000026).
7/19/2025 9:43:26 PM : Inserting entity with GID (0000000100000027).
7/19/2025 9:43:26 PM : Inserting entity with GID (0000000100000028).
7/19/2025 9:43:26 PM : Inserting entity with GID (0000000600000028).
7/19/2025 9:43:26 PM : Inserting entity with GID (0000000600000029).
7/19/2025 9:43:26 PM : Inserting entity with GID (000000060000002a).
7/19/2025 9:43:26 PM : Inserting entity with GID (000000050000001b).
7/19/2025 9:43:26 PM : Inserting entity with GID (000000050000001c).
7/19/2025 9:43:26 PM : Inserting entity with GID (000000040000001b).
7/19/2025 9:43:26 PM : Inserting entity with GID (000000040000001c).
7/19/2025 9:43:26 PM : Inserting entity with GID (0000000300000028).
7/19/2025 9:43:26 PM : Inserting entity with GID (0000000300000029).
7/19/2025 9:43:26 PM : Inserting entity with GID (000000030000002a).
7/19/2025 9:43:26 PM : Inserting entity with GID (0000000200000028).
7/19/2025 9:43:26 PM : Inserting entity with GID (0000000200000029).
7/19/2025 9:43:26 PM : Inserting entity with GID (000000020000002a).
7/19/2025 9:43:26 PM : Inserting entity with GID (0000000100000029).
7/19/2025 9:43:26 PM : Inserting entity with GID (000000010000002a).
7/19/2025 9:43:26 PM : Inserting entity with GID (000000010000002b).
7/19/2025 9:43:26 PM : Inserting entity with GID (000000060000002b).
7/19/2025 9:43:26 PM : Inserting entity with GID (000000060000002c).
7/19/2025 9:43:26 PM : Inserting entity with GID (000000060000002d).
7/19/2025 9:43:26 PM : Inserting entity with GID (000000050000001d).
7/19/2025 9:43:26 PM : Inserting entity with GID (000000050000001e).
7/19/2025 9:43:26 PM : Inserting entity with GID (000000040000001d).
7/19/2025 9:43:26 PM : Inserting entity with GID (000000040000001e).
7/19/2025 9:43:26 PM : Inserting entity with GID (000000030000002b).
7/19/2025 9:43:26 PM : Inserting entity with GID (000000030000002c).
7/19/2025 9:43:26 PM : Inserting entity with GID (000000030000002d).
7/19/2025 9:43:26 PM : Inserting entity with GID (000000020000002b).
7/19/2025 9:43:26 PM : Inserting entity with GID (000000020000002c).
7/19/2025 9:43:26 PM : Inserting entity with GID (000000020000002d).
7/19/2025 9:43:26 PM : Inserting entity with GID (000000010000002c).
7/19/2025 9:43:26 PM : Inserting entity with GID (000000010000002d).
7/19/2025 9:43:26 PM : Inserting entity with GID (000000010000002e).
7/19/2025 9:43:26 PM : Inserting entity with GID (000000060000002e).
7/19/2025 9:43:26 PM : Inserting entity with GID (000000060000002f).
7/19/2025 9:43:26 PM : Inserting entity with GID (0000000600000030).
7/19/2025 9:43:26 PM : Inserting entity with GID (000000050000001f).
7/19/2025 9:43:26 PM : Inserting entity with GID (0000000500000020).
7/19/2025 9:43:26 PM : Inserting entity with GID (000000040000001f).
7/19/2025 9:43:26 PM : Inserting entity with GID (0000000400000020).
7/19/2025 9:43:26 PM : Inserting entity with GID (000000030000002e).
7/19/2025 9:43:26 PM : Inserting entity with GID (000000030000002f).
7/19/2025 9:43:26 PM : Inserting entity with GID (0000000300000030).
7/19/2025 9:43:26 PM : Inserting entity with GID (000000020000002e).
7/19/2025 9:43:26 PM : Inserting entity with GID (000000020000002f).
7/19/2025 9:43:26 PM : Inserting entity with GID (0000000200000030).
7/19/2025 9:43:26 PM : Inserting entity with GID (000000010000002f).
7/19/2025 9:43:26 PM : Inserting entity with GID (0000000100000030).
7/19/2025 9:43:26 PM : Inserting entity with GID (0000000100000031).
7/19/2025 9:43:30 PM : The WCF service GenericDataAccess is ready.
7/19/2025 9:43:30 PM : Endpoints:
7/19/2025 9:43:30 PM : net.tcp://localhost:10000/NetworkModelService/GDA/
7/19/2025 9:43:30 PM : Connection string: ../NetworkModelData.data
7/19/2025 9:43:30 PM : Trace level: Info
7/19/2025 9:43:30 PM : The Network Model Service is started.
7/19/2025 9:43:30 PM : Press <Enter> to stop the service.
7/19/2025 9:44:44 PM : Starting Network Model Service...
7/19/2025 9:44:44 PM : Inserting entity with GID (0000000100000001).
7/19/2025 9:44:44 PM : Failed to insert entity (GID = 0x0000000100000001) into model. Index (zero based) must be greater than or equal to zero and less than the size of the argument list.
7/19/2025 9:44:44 PM : Error while applying delta (id = 1) during service initialization. Failed to insert entity (GID = 0x0000000100000001) into model. Index (zero based) must be greater than or equal to zero and less than the size of the argument list.
7/19/2025 9:44:44 PM : Inserting entity with GID (0000000600000001).
7/19/2025 9:44:44 PM : Inserting entity with GID (0000000600000002).
7/19/2025 9:44:44 PM : Inserting entity with GID (0000000600000003).
7/19/2025 9:44:44 PM : Inserting entity with GID (0000000500000001).
7/19/2025 9:44:44 PM : Inserting entity with GID (0000000500000002).
7/19/2025 9:44:44 PM : Inserting entity with GID (0000000400000001).
7/19/2025 9:44:44 PM : Inserting entity with GID (0000000400000002).
7/19/2025 9:44:44 PM : Inserting entity with GID (0000000300000001).
7/19/2025 9:44:44 PM : Inserting entity with GID (0000000300000002).
7/19/2025 9:44:45 PM : Inserting entity with GID (0000000300000003).
7/19/2025 9:44:45 PM : Inserting entity with GID (0000000200000001).
7/19/2025 9:44:45 PM : Inserting entity with GID (0000000200000002).
7/19/2025 9:44:45 PM : Inserting entity with GID (0000000200000003).
7/19/2025 9:44:45 PM : Inserting entity with GID (0000000100000002).
7/19/2025 9:44:45 PM : Inserting entity with GID (0000000100000003).
7/19/2025 9:44:45 PM : Inserting entity with GID (0000000100000004).
7/19/2025 9:44:45 PM : Inserting entity with GID (0000000600000004).
7/19/2025 9:44:45 PM : Inserting entity with GID (0000000600000005).
7/19/2025 9:44:45 PM : Inserting entity with GID (0000000600000006).
7/19/2025 9:44:45 PM : Inserting entity with GID (0000000500000003).
7/19/2025 9:44:45 PM : Inserting entity with GID (0000000500000004).
7/19/2025 9:44:45 PM : Inserting entity with GID (0000000400000003).
7/19/2025 9:44:45 PM : Inserting entity with GID (0000000400000004).
7/19/2025 9:44:45 PM : Inserting entity with GID (0000000300000004).
7/19/2025 9:44:45 PM : Inserting entity with GID (0000000300000005).
7/19/2025 9:44:45 PM : Inserting entity with GID (0000000300000006).
7/19/2025 9:44:45 PM : Inserting entity with GID (0000000200000004).
7/19/2025 9:44:45 PM : Inserting entity with GID (0000000200000005).
7/19/2025 9:44:45 PM : Inserting entity with GID (0000000200000006).
7/19/2025 9:44:45 PM : Inserting entity with GID (0000000100000005).
7/19/2025 9:44:45 PM : Inserting entity with GID (0000000100000006).
7/19/2025 9:44:45 PM : Inserting entity with GID (0000000100000007).
7/19/2025 9:44:45 PM : Inserting entity with GID (0000000600000007).
7/19/2025 9:44:45 PM : Inserting entity with GID (0000000600000008).
7/19/2025 9:44:45 PM : Inserting entity with GID (0000000600000009).
7/19/2025 9:44:45 PM : Inserting entity with GID (0000000500000005).
7/19/2025 9:44:45 PM : Inserting entity with GID (0000000500000006).
7/19/2025 9:44:45 PM : Inserting entity with GID (0000000400000005).
7/19/2025 9:44:45 PM : Inserting entity with GID (0000000400000006).
7/19/2025 9:44:45 PM : Inserting entity with GID (0000000300000007).
7/19/2025 9:44:45 PM : Inserting entity with GID (0000000300000008).
7/19/2025 9:44:45 PM : Inserting entity with GID (0000000300000009).
7/19/2025 9:44:45 PM : Inserting entity with GID (0000000200000007).
7/19/2025 9:44:45 PM : Inserting entity with GID (0000000200000008).
7/19/2025 9:44:45 PM : Inserting entity with GID (0000000200000009).
7/19/2025 9:44:45 PM : Inserting entity with GID (0000000100000008).
7/19/2025 9:44:45 PM : Inserting entity with GID (0000000100000009).
7/19/2025 9:44:45 PM : Inserting entity with GID (000000010000000a).
7/19/2025 9:44:45 PM : Inserting entity with GID (000000060000000a).
7/19/2025 9:44:45 PM : Inserting entity with GID (000000060000000b).
7/19/2025 9:44:45 PM : Inserting entity with GID (000000060000000c).
7/19/2025 9:44:45 PM : Inserting entity with GID (0000000500000007).
7/19/2025 9:44:45 PM : Inserting entity with GID (0000000500000008).
7/19/2025 9:44:45 PM : Inserting entity with GID (0000000400000007).
7/19/2025 9:44:45 PM : Inserting entity with GID (0000000400000008).
7/19/2025 9:44:45 PM : Inserting entity with GID (000000030000000a).
7/19/2025 9:44:45 PM : Inserting entity with GID (000000030000000b).
7/19/2025 9:44:45 PM : Inserting entity with GID (000000030000000c).
7/19/2025 9:44:45 PM : Inserting entity with GID (000000020000000a).
7/19/2025 9:44:45 PM : Inserting entity with GID (000000020000000b).
7/19/2025 9:44:45 PM : Inserting entity with GID (000000020000000c).
7/19/2025 9:44:45 PM : Inserting entity with GID (000000010000000b).
7/19/2025 9:44:45 PM : Inserting entity with GID (000000010000000c).
7/19/2025 9:44:45 PM : Inserting entity with GID (000000010000000d).
7/19/2025 9:44:45 PM : Inserting entity with GID (000000060000000d).
7/19/2025 9:44:45 PM : Inserting entity with GID (000000060000000e).
7/19/2025 9:44:45 PM : Inserting entity with GID (000000060000000f).
7/19/2025 9:44:45 PM : Inserting entity with GID (0000000500000009).
7/19/2025 9:44:45 PM : Inserting entity with GID (000000050000000a).
7/19/2025 9:44:45 PM : Inserting entity with GID (0000000400000009).
7/19/2025 9:44:45 PM : Inserting entity with GID (000000040000000a).
7/19/2025 9:44:45 PM : Inserting entity with GID (000000030000000d).
7/19/2025 9:44:45 PM : Inserting entity with GID (000000030000000e).
7/19/2025 9:44:45 PM : Inserting entity with GID (000000030000000f).
7/19/2025 9:44:45 PM : Inserting entity with GID (000000020000000d).
7/19/2025 9:44:45 PM : Inserting entity with GID (000000020000000e).
7/19/2025 9:44:45 PM : Inserting entity with GID (000000020000000f).
7/19/2025 9:44:45 PM : Inserting entity with GID (000000010000000e).
7/19/2025 9:44:45 PM : Inserting entity with GID (000000010000000f).
7/19/2025 9:44:45 PM : Inserting entity with GID (0000000100000010).
7/19/2025 9:44:45 PM : Inserting entity with GID (0000000600000010).
7/19/2025 9:44:45 PM : Inserting entity with GID (0000000600000011).
7/19/2025 9:44:45 PM : Inserting entity with GID (0000000600000012).
7/19/2025 9:44:45 PM : Inserting entity with GID (000000050000000b).
7/19/2025 9:44:45 PM : Inserting entity with GID (000000050000000c).
7/19/2025 9:44:45 PM : Inserting entity with GID (000000040000000b).
7/19/2025 9:44:45 PM : Inserting entity with GID (000000040000000c).
7/19/2025 9:44:45 PM : Inserting entity with GID (0000000300000010).
7/19/2025 9:44:45 PM : Inserting entity with GID (0000000300000011).
7/19/2025 9:44:45 PM : Inserting entity with GID (0000000300000012).
7/19/2025 9:44:45 PM : Inserting entity with GID (0000000200000010).
7/19/2025 9:44:45 PM : Inserting entity with GID (0000000200000011).
7/19/2025 9:44:45 PM : Inserting entity with GID (0000000200000012).
7/19/2025 9:44:45 PM : Inserting entity with GID (0000000100000011).
7/19/2025 9:44:45 PM : Inserting entity with GID (0000000100000012).
7/19/2025 9:44:45 PM : Inserting entity with GID (0000000100000013).
7/19/2025 9:44:45 PM : Inserting entity with GID (0000000600000013).
7/19/2025 9:44:45 PM : Inserting entity with GID (0000000600000014).
7/19/2025 9:44:45 PM : Inserting entity with GID (0000000600000015).
7/19/2025 9:44:45 PM : Inserting entity with GID (000000050000000d).
7/19/2025 9:44:45 PM : Inserting entity with GID (000000050000000e).
7/19/2025 9:44:45 PM : Inserting entity with GID (000000040000000d).
7/19/2025 9:44:45 PM : Inserting entity with GID (000000040000000e).
7/19/2025 9:44:45 PM : Inserting entity with GID (0000000300000013).
7/19/2025 9:44:45 PM : Inserting entity with GID (0000000300000014).
7/19/2025 9:44:45 PM : Inserting entity with GID (0000000300000015).
7/19/2025 9:44:45 PM : Inserting entity with GID (0000000200000013).
7/19/2025 9:44:45 PM : Inserting entity with GID (0000000200000014).
7/19/2025 9:44:45 PM : Inserting entity with GID (0000000200000015).
7/19/2025 9:44:45 PM : Inserting entity with GID (0000000100000014).
7/19/2025 9:44:45 PM : Inserting entity with GID (0000000100000015).
7/19/2025 9:44:45 PM : Inserting entity with GID (0000000100000016).
7/19/2025 9:44:45 PM : Inserting entity with GID (0000000600000016).
7/19/2025 9:44:45 PM : Inserting entity with GID (0000000600000017).
7/19/2025 9:44:45 PM : Inserting entity with GID (0000000600000018).
7/19/2025 9:44:45 PM : Inserting entity with GID (000000050000000f).
7/19/2025 9:44:45 PM : Inserting entity with GID (0000000500000010).
7/19/2025 9:44:45 PM : Inserting entity with GID (000000040000000f).
7/19/2025 9:44:45 PM : Inserting entity with GID (0000000400000010).
7/19/2025 9:44:45 PM : Inserting entity with GID (0000000300000016).
7/19/2025 9:44:45 PM : Inserting entity with GID (0000000300000017).
7/19/2025 9:44:45 PM : Inserting entity with GID (0000000300000018).
7/19/2025 9:44:45 PM : Inserting entity with GID (0000000200000016).
7/19/2025 9:44:45 PM : Inserting entity with GID (0000000200000017).
7/19/2025 9:44:45 PM : Inserting entity with GID (0000000200000018).
7/19/2025 9:44:45 PM : Inserting entity with GID (0000000100000017).
7/19/2025 9:44:45 PM : Inserting entity with GID (0000000100000018).
7/19/2025 9:44:45 PM : Inserting entity with GID (0000000100000019).
7/19/2025 9:44:45 PM : Inserting entity with GID (0000000600000019).
7/19/2025 9:44:45 PM : Inserting entity with GID (000000060000001a).
7/19/2025 9:44:45 PM : Inserting entity with GID (000000060000001b).
7/19/2025 9:44:45 PM : Inserting entity with GID (0000000500000011).
7/19/2025 9:44:45 PM : Inserting entity with GID (0000000500000012).
7/19/2025 9:44:45 PM : Inserting entity with GID (0000000400000011).
7/19/2025 9:44:45 PM : Inserting entity with GID (0000000400000012).
7/19/2025 9:44:45 PM : Inserting entity with GID (0000000300000019).
7/19/2025 9:44:45 PM : Inserting entity with GID (000000030000001a).
7/19/2025 9:44:45 PM : Inserting entity with GID (000000030000001b).
7/19/2025 9:44:45 PM : Inserting entity with GID (0000000200000019).
7/19/2025 9:44:45 PM : Inserting entity with GID (000000020000001a).
7/19/2025 9:44:45 PM : Inserting entity with GID (000000020000001b).
7/19/2025 9:44:45 PM : Inserting entity with GID (000000010000001a).
7/19/2025 9:44:45 PM : Inserting entity with GID (000000010000001b).
7/19/2025 9:44:45 PM : Inserting entity with GID (000000010000001c).
7/19/2025 9:44:45 PM : Inserting entity with GID (000000060000001c).
7/19/2025 9:44:45 PM : Inserting entity with GID (000000060000001d).
7/19/2025 9:44:45 PM : Inserting entity with GID (000000060000001e).
7/19/2025 9:44:45 PM : Inserting entity with GID (0000000500000013).
7/19/2025 9:44:45 PM : Inserting entity with GID (0000000500000014).
7/19/2025 9:44:45 PM : Inserting entity with GID (0000000400000013).
7/19/2025 9:44:45 PM : Inserting entity with GID (0000000400000014).
7/19/2025 9:44:45 PM : Inserting entity with GID (000000030000001c).
7/19/2025 9:44:45 PM : Inserting entity with GID (000000030000001d).
7/19/2025 9:44:45 PM : Inserting entity with GID (000000030000001e).
7/19/2025 9:44:45 PM : Inserting entity with GID (000000020000001c).
7/19/2025 9:44:45 PM : Inserting entity with GID (000000020000001d).
7/19/2025 9:44:45 PM : Inserting entity with GID (000000020000001e).
7/19/2025 9:44:45 PM : Inserting entity with GID (000000010000001d).
7/19/2025 9:44:45 PM : Inserting entity with GID (000000010000001e).
7/19/2025 9:44:45 PM : Inserting entity with GID (000000010000001f).
7/19/2025 9:44:45 PM : Inserting entity with GID (000000060000001f).
7/19/2025 9:44:45 PM : Inserting entity with GID (0000000600000020).
7/19/2025 9:44:45 PM : Inserting entity with GID (0000000600000021).
7/19/2025 9:44:45 PM : Inserting entity with GID (0000000500000015).
7/19/2025 9:44:45 PM : Inserting entity with GID (0000000500000016).
7/19/2025 9:44:45 PM : Inserting entity with GID (0000000400000015).
7/19/2025 9:44:45 PM : Inserting entity with GID (0000000400000016).
7/19/2025 9:44:45 PM : Inserting entity with GID (000000030000001f).
7/19/2025 9:44:45 PM : Inserting entity with GID (0000000300000020).
7/19/2025 9:44:45 PM : Inserting entity with GID (0000000300000021).
7/19/2025 9:44:45 PM : Inserting entity with GID (000000020000001f).
7/19/2025 9:44:45 PM : Inserting entity with GID (0000000200000020).
7/19/2025 9:44:45 PM : Inserting entity with GID (0000000200000021).
7/19/2025 9:44:45 PM : Inserting entity with GID (0000000100000020).
7/19/2025 9:44:45 PM : Inserting entity with GID (0000000100000021).
7/19/2025 9:44:45 PM : Inserting entity with GID (0000000100000022).
7/19/2025 9:44:45 PM : Inserting entity with GID (0000000600000022).
7/19/2025 9:44:45 PM : Inserting entity with GID (0000000600000023).
7/19/2025 9:44:45 PM : Inserting entity with GID (0000000600000024).
7/19/2025 9:44:45 PM : Inserting entity with GID (0000000500000017).
7/19/2025 9:44:45 PM : Inserting entity with GID (0000000500000018).
7/19/2025 9:44:45 PM : Inserting entity with GID (0000000400000017).
7/19/2025 9:44:45 PM : Inserting entity with GID (0000000400000018).
7/19/2025 9:44:45 PM : Inserting entity with GID (0000000300000022).
7/19/2025 9:44:45 PM : Inserting entity with GID (0000000300000023).
7/19/2025 9:44:45 PM : Inserting entity with GID (0000000300000024).
7/19/2025 9:44:45 PM : Inserting entity with GID (0000000200000022).
7/19/2025 9:44:45 PM : Inserting entity with GID (0000000200000023).
7/19/2025 9:44:45 PM : Inserting entity with GID (0000000200000024).
7/19/2025 9:44:45 PM : Inserting entity with GID (0000000100000023).
7/19/2025 9:44:45 PM : Inserting entity with GID (0000000100000024).
7/19/2025 9:44:45 PM : Inserting entity with GID (0000000100000025).
7/19/2025 9:44:45 PM : Inserting entity with GID (0000000600000025).
7/19/2025 9:44:45 PM : Inserting entity with GID (0000000600000026).
7/19/2025 9:44:45 PM : Inserting entity with GID (0000000600000027).
7/19/2025 9:44:45 PM : Inserting entity with GID (0000000500000019).
7/19/2025 9:44:45 PM : Inserting entity with GID (000000050000001a).
7/19/2025 9:44:45 PM : Inserting entity with GID (0000000400000019).
7/19/2025 9:44:45 PM : Inserting entity with GID (000000040000001a).
7/19/2025 9:44:45 PM : Inserting entity with GID (0000000300000025).
7/19/2025 9:44:45 PM : Inserting entity with GID (0000000300000026).
7/19/2025 9:44:45 PM : Inserting entity with GID (0000000300000027).
7/19/2025 9:44:45 PM : Inserting entity with GID (0000000200000025).
7/19/2025 9:44:45 PM : Inserting entity with GID (0000000200000026).
7/19/2025 9:44:45 PM : Inserting entity with GID (0000000200000027).
7/19/2025 9:44:45 PM : Inserting entity with GID (0000000100000026).
7/19/2025 9:44:45 PM : Inserting entity with GID (0000000100000027).
7/19/2025 9:44:45 PM : Inserting entity with GID (0000000100000028).
7/19/2025 9:44:45 PM : Inserting entity with GID (0000000600000028).
7/19/2025 9:44:45 PM : Inserting entity with GID (0000000600000029).
7/19/2025 9:44:45 PM : Inserting entity with GID (000000060000002a).
7/19/2025 9:44:45 PM : Inserting entity with GID (000000050000001b).
7/19/2025 9:44:45 PM : Inserting entity with GID (000000050000001c).
7/19/2025 9:44:45 PM : Inserting entity with GID (000000040000001b).
7/19/2025 9:44:45 PM : Inserting entity with GID (000000040000001c).
7/19/2025 9:44:45 PM : Inserting entity with GID (0000000300000028).
7/19/2025 9:44:45 PM : Inserting entity with GID (0000000300000029).
7/19/2025 9:44:45 PM : Inserting entity with GID (000000030000002a).
7/19/2025 9:44:45 PM : Inserting entity with GID (0000000200000028).
7/19/2025 9:44:45 PM : Inserting entity with GID (0000000200000029).
7/19/2025 9:44:45 PM : Inserting entity with GID (000000020000002a).
7/19/2025 9:44:45 PM : Inserting entity with GID (0000000100000029).
7/19/2025 9:44:45 PM : Inserting entity with GID (000000010000002a).
7/19/2025 9:44:45 PM : Inserting entity with GID (000000010000002b).
7/19/2025 9:44:45 PM : Inserting entity with GID (000000060000002b).
7/19/2025 9:44:45 PM : Inserting entity with GID (000000060000002c).
7/19/2025 9:44:45 PM : Inserting entity with GID (000000060000002d).
7/19/2025 9:44:45 PM : Inserting entity with GID (000000050000001d).
7/19/2025 9:44:45 PM : Inserting entity with GID (000000050000001e).
7/19/2025 9:44:45 PM : Inserting entity with GID (000000040000001d).
7/19/2025 9:44:45 PM : Inserting entity with GID (000000040000001e).
7/19/2025 9:44:45 PM : Inserting entity with GID (000000030000002b).
7/19/2025 9:44:45 PM : Inserting entity with GID (000000030000002c).
7/19/2025 9:44:45 PM : Inserting entity with GID (000000030000002d).
7/19/2025 9:44:45 PM : Inserting entity with GID (000000020000002b).
7/19/2025 9:44:45 PM : Inserting entity with GID (000000020000002c).
7/19/2025 9:44:45 PM : Inserting entity with GID (000000020000002d).
7/19/2025 9:44:45 PM : Inserting entity with GID (000000010000002c).
7/19/2025 9:44:45 PM : Inserting entity with GID (000000010000002d).
7/19/2025 9:44:45 PM : Inserting entity with GID (000000010000002e).
7/19/2025 9:44:45 PM : Inserting entity with GID (000000060000002e).
7/19/2025 9:44:45 PM : Inserting entity with GID (000000060000002f).
7/19/2025 9:44:45 PM : Inserting entity with GID (0000000600000030).
7/19/2025 9:44:45 PM : Inserting entity with GID (000000050000001f).
7/19/2025 9:44:45 PM : Inserting entity with GID (0000000500000020).
7/19/2025 9:44:45 PM : Inserting entity with GID (000000040000001f).
7/19/2025 9:44:45 PM : Inserting entity with GID (0000000400000020).
7/19/2025 9:44:45 PM : Inserting entity with GID (000000030000002e).
7/19/2025 9:44:45 PM : Inserting entity with GID (000000030000002f).
7/19/2025 9:44:45 PM : Inserting entity with GID (0000000300000030).
7/19/2025 9:44:45 PM : Inserting entity with GID (000000020000002e).
7/19/2025 9:44:45 PM : Inserting entity with GID (000000020000002f).
7/19/2025 9:44:45 PM : Inserting entity with GID (0000000200000030).
7/19/2025 9:44:45 PM : Inserting entity with GID (000000010000002f).
7/19/2025 9:44:45 PM : Inserting entity with GID (0000000100000030).
7/19/2025 9:44:45 PM : Inserting entity with GID (0000000100000031).
7/19/2025 9:44:46 PM : The WCF service GenericDataAccess is ready.
7/19/2025 9:44:46 PM : Endpoints:
7/19/2025 9:44:46 PM : net.tcp://localhost:10000/NetworkModelService/GDA/
7/19/2025 9:44:46 PM : Connection string: ../NetworkModelData.data
7/19/2025 9:44:46 PM : Trace level: Info
7/19/2025 9:44:46 PM : The Network Model Service is started.
7/19/2025 9:44:46 PM : Press <Enter> to stop the service.
7/19/2025 9:53:15 PM : Starting Network Model Service...
7/19/2025 9:53:15 PM : Inserting entity with GID (0000000100000001).
7/19/2025 9:53:15 PM : Failed to insert entity (GID = 0x0000000100000001) into model. Index (zero based) must be greater than or equal to zero and less than the size of the argument list.
7/19/2025 9:53:15 PM : Error while applying delta (id = 1) during service initialization. Failed to insert entity (GID = 0x0000000100000001) into model. Index (zero based) must be greater than or equal to zero and less than the size of the argument list.
7/19/2025 9:53:15 PM : Inserting entity with GID (0000000600000001).
7/19/2025 9:53:15 PM : Inserting entity with GID (0000000600000002).
7/19/2025 9:53:15 PM : Inserting entity with GID (0000000600000003).
7/19/2025 9:53:15 PM : Inserting entity with GID (0000000500000001).
7/19/2025 9:53:15 PM : Inserting entity with GID (0000000500000002).
7/19/2025 9:53:15 PM : Inserting entity with GID (0000000400000001).
7/19/2025 9:53:15 PM : Inserting entity with GID (0000000400000002).
7/19/2025 9:53:15 PM : Inserting entity with GID (0000000300000001).
7/19/2025 9:53:15 PM : Inserting entity with GID (0000000300000002).
7/19/2025 9:53:15 PM : Inserting entity with GID (0000000300000003).
7/19/2025 9:53:15 PM : Inserting entity with GID (0000000200000001).
7/19/2025 9:53:15 PM : Inserting entity with GID (0000000200000002).
7/19/2025 9:53:15 PM : Inserting entity with GID (0000000200000003).
7/19/2025 9:53:15 PM : Inserting entity with GID (0000000100000002).
7/19/2025 9:53:15 PM : Inserting entity with GID (0000000100000003).
7/19/2025 9:53:15 PM : Inserting entity with GID (0000000100000004).
7/19/2025 9:53:15 PM : Inserting entity with GID (0000000600000004).
7/19/2025 9:53:15 PM : Inserting entity with GID (0000000600000005).
7/19/2025 9:53:15 PM : Inserting entity with GID (0000000600000006).
7/19/2025 9:53:15 PM : Inserting entity with GID (0000000500000003).
7/19/2025 9:53:15 PM : Inserting entity with GID (0000000500000004).
7/19/2025 9:53:15 PM : Inserting entity with GID (0000000400000003).
7/19/2025 9:53:15 PM : Inserting entity with GID (0000000400000004).
7/19/2025 9:53:15 PM : Inserting entity with GID (0000000300000004).
7/19/2025 9:53:15 PM : Inserting entity with GID (0000000300000005).
7/19/2025 9:53:15 PM : Inserting entity with GID (0000000300000006).
7/19/2025 9:53:15 PM : Inserting entity with GID (0000000200000004).
7/19/2025 9:53:15 PM : Inserting entity with GID (0000000200000005).
7/19/2025 9:53:15 PM : Inserting entity with GID (0000000200000006).
7/19/2025 9:53:15 PM : Inserting entity with GID (0000000100000005).
7/19/2025 9:53:15 PM : Inserting entity with GID (0000000100000006).
7/19/2025 9:53:15 PM : Inserting entity with GID (0000000100000007).
7/19/2025 9:53:15 PM : Inserting entity with GID (0000000600000007).
7/19/2025 9:53:15 PM : Inserting entity with GID (0000000600000008).
7/19/2025 9:53:15 PM : Inserting entity with GID (0000000600000009).
7/19/2025 9:53:15 PM : Inserting entity with GID (0000000500000005).
7/19/2025 9:53:15 PM : Inserting entity with GID (0000000500000006).
7/19/2025 9:53:15 PM : Inserting entity with GID (0000000400000005).
7/19/2025 9:53:15 PM : Inserting entity with GID (0000000400000006).
7/19/2025 9:53:15 PM : Inserting entity with GID (0000000300000007).
7/19/2025 9:53:15 PM : Inserting entity with GID (0000000300000008).
7/19/2025 9:53:15 PM : Inserting entity with GID (0000000300000009).
7/19/2025 9:53:15 PM : Inserting entity with GID (0000000200000007).
7/19/2025 9:53:15 PM : Inserting entity with GID (0000000200000008).
7/19/2025 9:53:15 PM : Inserting entity with GID (0000000200000009).
7/19/2025 9:53:15 PM : Inserting entity with GID (0000000100000008).
7/19/2025 9:53:15 PM : Inserting entity with GID (0000000100000009).
7/19/2025 9:53:15 PM : Inserting entity with GID (000000010000000a).
7/19/2025 9:53:15 PM : Inserting entity with GID (000000060000000a).
7/19/2025 9:53:15 PM : Inserting entity with GID (000000060000000b).
7/19/2025 9:53:15 PM : Inserting entity with GID (000000060000000c).
7/19/2025 9:53:15 PM : Inserting entity with GID (0000000500000007).
7/19/2025 9:53:15 PM : Inserting entity with GID (0000000500000008).
7/19/2025 9:53:15 PM : Inserting entity with GID (0000000400000007).
7/19/2025 9:53:15 PM : Inserting entity with GID (0000000400000008).
7/19/2025 9:53:15 PM : Inserting entity with GID (000000030000000a).
7/19/2025 9:53:15 PM : Inserting entity with GID (000000030000000b).
7/19/2025 9:53:15 PM : Inserting entity with GID (000000030000000c).
7/19/2025 9:53:15 PM : Inserting entity with GID (000000020000000a).
7/19/2025 9:53:15 PM : Inserting entity with GID (000000020000000b).
7/19/2025 9:53:15 PM : Inserting entity with GID (000000020000000c).
7/19/2025 9:53:15 PM : Inserting entity with GID (000000010000000b).
7/19/2025 9:53:15 PM : Inserting entity with GID (000000010000000c).
7/19/2025 9:53:15 PM : Inserting entity with GID (000000010000000d).
7/19/2025 9:53:15 PM : Inserting entity with GID (000000060000000d).
7/19/2025 9:53:15 PM : Inserting entity with GID (000000060000000e).
7/19/2025 9:53:15 PM : Inserting entity with GID (000000060000000f).
7/19/2025 9:53:15 PM : Inserting entity with GID (0000000500000009).
7/19/2025 9:53:15 PM : Inserting entity with GID (000000050000000a).
7/19/2025 9:53:15 PM : Inserting entity with GID (0000000400000009).
7/19/2025 9:53:15 PM : Inserting entity with GID (000000040000000a).
7/19/2025 9:53:15 PM : Inserting entity with GID (000000030000000d).
7/19/2025 9:53:15 PM : Inserting entity with GID (000000030000000e).
7/19/2025 9:53:15 PM : Inserting entity with GID (000000030000000f).
7/19/2025 9:53:15 PM : Inserting entity with GID (000000020000000d).
7/19/2025 9:53:15 PM : Inserting entity with GID (000000020000000e).
7/19/2025 9:53:15 PM : Inserting entity with GID (000000020000000f).
7/19/2025 9:53:15 PM : Inserting entity with GID (000000010000000e).
7/19/2025 9:53:15 PM : Inserting entity with GID (000000010000000f).
7/19/2025 9:53:15 PM : Inserting entity with GID (0000000100000010).
7/19/2025 9:53:15 PM : Inserting entity with GID (0000000600000010).
7/19/2025 9:53:15 PM : Inserting entity with GID (0000000600000011).
7/19/2025 9:53:15 PM : Inserting entity with GID (0000000600000012).
7/19/2025 9:53:15 PM : Inserting entity with GID (000000050000000b).
7/19/2025 9:53:15 PM : Inserting entity with GID (000000050000000c).
7/19/2025 9:53:15 PM : Inserting entity with GID (000000040000000b).
7/19/2025 9:53:15 PM : Inserting entity with GID (000000040000000c).
7/19/2025 9:53:15 PM : Inserting entity with GID (0000000300000010).
7/19/2025 9:53:15 PM : Inserting entity with GID (0000000300000011).
7/19/2025 9:53:15 PM : Inserting entity with GID (0000000300000012).
7/19/2025 9:53:15 PM : Inserting entity with GID (0000000200000010).
7/19/2025 9:53:15 PM : Inserting entity with GID (0000000200000011).
7/19/2025 9:53:15 PM : Inserting entity with GID (0000000200000012).
7/19/2025 9:53:15 PM : Inserting entity with GID (0000000100000011).
7/19/2025 9:53:15 PM : Inserting entity with GID (0000000100000012).
7/19/2025 9:53:15 PM : Inserting entity with GID (0000000100000013).
7/19/2025 9:53:15 PM : Inserting entity with GID (0000000600000013).
7/19/2025 9:53:15 PM : Inserting entity with GID (0000000600000014).
7/19/2025 9:53:15 PM : Inserting entity with GID (0000000600000015).
7/19/2025 9:53:15 PM : Inserting entity with GID (000000050000000d).
7/19/2025 9:53:15 PM : Inserting entity with GID (000000050000000e).
7/19/2025 9:53:15 PM : Inserting entity with GID (000000040000000d).
7/19/2025 9:53:15 PM : Inserting entity with GID (000000040000000e).
7/19/2025 9:53:15 PM : Inserting entity with GID (0000000300000013).
7/19/2025 9:53:15 PM : Inserting entity with GID (0000000300000014).
7/19/2025 9:53:15 PM : Inserting entity with GID (0000000300000015).
7/19/2025 9:53:15 PM : Inserting entity with GID (0000000200000013).
7/19/2025 9:53:15 PM : Inserting entity with GID (0000000200000014).
7/19/2025 9:53:15 PM : Inserting entity with GID (0000000200000015).
7/19/2025 9:53:15 PM : Inserting entity with GID (0000000100000014).
7/19/2025 9:53:15 PM : Inserting entity with GID (0000000100000015).
7/19/2025 9:53:15 PM : Inserting entity with GID (0000000100000016).
7/19/2025 9:53:15 PM : Inserting entity with GID (0000000600000016).
7/19/2025 9:53:15 PM : Inserting entity with GID (0000000600000017).
7/19/2025 9:53:15 PM : Inserting entity with GID (0000000600000018).
7/19/2025 9:53:15 PM : Inserting entity with GID (000000050000000f).
7/19/2025 9:53:15 PM : Inserting entity with GID (0000000500000010).
7/19/2025 9:53:15 PM : Inserting entity with GID (000000040000000f).
7/19/2025 9:53:15 PM : Inserting entity with GID (0000000400000010).
7/19/2025 9:53:15 PM : Inserting entity with GID (0000000300000016).
7/19/2025 9:53:15 PM : Inserting entity with GID (0000000300000017).
7/19/2025 9:53:15 PM : Inserting entity with GID (0000000300000018).
7/19/2025 9:53:15 PM : Inserting entity with GID (0000000200000016).
7/19/2025 9:53:15 PM : Inserting entity with GID (0000000200000017).
7/19/2025 9:53:15 PM : Inserting entity with GID (0000000200000018).
7/19/2025 9:53:15 PM : Inserting entity with GID (0000000100000017).
7/19/2025 9:53:15 PM : Inserting entity with GID (0000000100000018).
7/19/2025 9:53:15 PM : Inserting entity with GID (0000000100000019).
7/19/2025 9:53:15 PM : Inserting entity with GID (0000000600000019).
7/19/2025 9:53:15 PM : Inserting entity with GID (000000060000001a).
7/19/2025 9:53:15 PM : Inserting entity with GID (000000060000001b).
7/19/2025 9:53:15 PM : Inserting entity with GID (0000000500000011).
7/19/2025 9:53:15 PM : Inserting entity with GID (0000000500000012).
7/19/2025 9:53:15 PM : Inserting entity with GID (0000000400000011).
7/19/2025 9:53:15 PM : Inserting entity with GID (0000000400000012).
7/19/2025 9:53:15 PM : Inserting entity with GID (0000000300000019).
7/19/2025 9:53:15 PM : Inserting entity with GID (000000030000001a).
7/19/2025 9:53:15 PM : Inserting entity with GID (000000030000001b).
7/19/2025 9:53:15 PM : Inserting entity with GID (0000000200000019).
7/19/2025 9:53:15 PM : Inserting entity with GID (000000020000001a).
7/19/2025 9:53:15 PM : Inserting entity with GID (000000020000001b).
7/19/2025 9:53:15 PM : Inserting entity with GID (000000010000001a).
7/19/2025 9:53:15 PM : Inserting entity with GID (000000010000001b).
7/19/2025 9:53:15 PM : Inserting entity with GID (000000010000001c).
7/19/2025 9:53:15 PM : Inserting entity with GID (000000060000001c).
7/19/2025 9:53:15 PM : Inserting entity with GID (000000060000001d).
7/19/2025 9:53:15 PM : Inserting entity with GID (000000060000001e).
7/19/2025 9:53:15 PM : Inserting entity with GID (0000000500000013).
7/19/2025 9:53:15 PM : Inserting entity with GID (0000000500000014).
7/19/2025 9:53:15 PM : Inserting entity with GID (0000000400000013).
7/19/2025 9:53:15 PM : Inserting entity with GID (0000000400000014).
7/19/2025 9:53:15 PM : Inserting entity with GID (000000030000001c).
7/19/2025 9:53:15 PM : Inserting entity with GID (000000030000001d).
7/19/2025 9:53:15 PM : Inserting entity with GID (000000030000001e).
7/19/2025 9:53:15 PM : Inserting entity with GID (000000020000001c).
7/19/2025 9:53:15 PM : Inserting entity with GID (000000020000001d).
7/19/2025 9:53:15 PM : Inserting entity with GID (000000020000001e).
7/19/2025 9:53:15 PM : Inserting entity with GID (000000010000001d).
7/19/2025 9:53:15 PM : Inserting entity with GID (000000010000001e).
7/19/2025 9:53:15 PM : Inserting entity with GID (000000010000001f).
7/19/2025 9:53:15 PM : Inserting entity with GID (000000060000001f).
7/19/2025 9:53:15 PM : Inserting entity with GID (0000000600000020).
7/19/2025 9:53:15 PM : Inserting entity with GID (0000000600000021).
7/19/2025 9:53:15 PM : Inserting entity with GID (0000000500000015).
7/19/2025 9:53:15 PM : Inserting entity with GID (0000000500000016).
7/19/2025 9:53:15 PM : Inserting entity with GID (0000000400000015).
7/19/2025 9:53:15 PM : Inserting entity with GID (0000000400000016).
7/19/2025 9:53:15 PM : Inserting entity with GID (000000030000001f).
7/19/2025 9:53:15 PM : Inserting entity with GID (0000000300000020).
7/19/2025 9:53:15 PM : Inserting entity with GID (0000000300000021).
7/19/2025 9:53:15 PM : Inserting entity with GID (000000020000001f).
7/19/2025 9:53:15 PM : Inserting entity with GID (0000000200000020).
7/19/2025 9:53:15 PM : Inserting entity with GID (0000000200000021).
7/19/2025 9:53:15 PM : Inserting entity with GID (0000000100000020).
7/19/2025 9:53:15 PM : Inserting entity with GID (0000000100000021).
7/19/2025 9:53:15 PM : Inserting entity with GID (0000000100000022).
7/19/2025 9:53:15 PM : Inserting entity with GID (0000000600000022).
7/19/2025 9:53:15 PM : Inserting entity with GID (0000000600000023).
7/19/2025 9:53:15 PM : Inserting entity with GID (0000000600000024).
7/19/2025 9:53:15 PM : Inserting entity with GID (0000000500000017).
7/19/2025 9:53:15 PM : Inserting entity with GID (0000000500000018).
7/19/2025 9:53:15 PM : Inserting entity with GID (0000000400000017).
7/19/2025 9:53:15 PM : Inserting entity with GID (0000000400000018).
7/19/2025 9:53:15 PM : Inserting entity with GID (0000000300000022).
7/19/2025 9:53:15 PM : Inserting entity with GID (0000000300000023).
7/19/2025 9:53:15 PM : Inserting entity with GID (0000000300000024).
7/19/2025 9:53:15 PM : Inserting entity with GID (0000000200000022).
7/19/2025 9:53:15 PM : Inserting entity with GID (0000000200000023).
7/19/2025 9:53:15 PM : Inserting entity with GID (0000000200000024).
7/19/2025 9:53:15 PM : Inserting entity with GID (0000000100000023).
7/19/2025 9:53:15 PM : Inserting entity with GID (0000000100000024).
7/19/2025 9:53:15 PM : Inserting entity with GID (0000000100000025).
7/19/2025 9:53:15 PM : Inserting entity with GID (0000000600000025).
7/19/2025 9:53:15 PM : Inserting entity with GID (0000000600000026).
7/19/2025 9:53:15 PM : Inserting entity with GID (0000000600000027).
7/19/2025 9:53:15 PM : Inserting entity with GID (0000000500000019).
7/19/2025 9:53:15 PM : Inserting entity with GID (000000050000001a).
7/19/2025 9:53:15 PM : Inserting entity with GID (0000000400000019).
7/19/2025 9:53:15 PM : Inserting entity with GID (000000040000001a).
7/19/2025 9:53:15 PM : Inserting entity with GID (0000000300000025).
7/19/2025 9:53:15 PM : Inserting entity with GID (0000000300000026).
7/19/2025 9:53:15 PM : Inserting entity with GID (0000000300000027).
7/19/2025 9:53:15 PM : Inserting entity with GID (0000000200000025).
7/19/2025 9:53:15 PM : Inserting entity with GID (0000000200000026).
7/19/2025 9:53:15 PM : Inserting entity with GID (0000000200000027).
7/19/2025 9:53:15 PM : Inserting entity with GID (0000000100000026).
7/19/2025 9:53:15 PM : Inserting entity with GID (0000000100000027).
7/19/2025 9:53:15 PM : Inserting entity with GID (0000000100000028).
7/19/2025 9:53:15 PM : Inserting entity with GID (0000000600000028).
7/19/2025 9:53:15 PM : Inserting entity with GID (0000000600000029).
7/19/2025 9:53:15 PM : Inserting entity with GID (000000060000002a).
7/19/2025 9:53:15 PM : Inserting entity with GID (000000050000001b).
7/19/2025 9:53:15 PM : Inserting entity with GID (000000050000001c).
7/19/2025 9:53:15 PM : Inserting entity with GID (000000040000001b).
7/19/2025 9:53:15 PM : Inserting entity with GID (000000040000001c).
7/19/2025 9:53:15 PM : Inserting entity with GID (0000000300000028).
7/19/2025 9:53:15 PM : Inserting entity with GID (0000000300000029).
7/19/2025 9:53:15 PM : Inserting entity with GID (000000030000002a).
7/19/2025 9:53:15 PM : Inserting entity with GID (0000000200000028).
7/19/2025 9:53:15 PM : Inserting entity with GID (0000000200000029).
7/19/2025 9:53:15 PM : Inserting entity with GID (000000020000002a).
7/19/2025 9:53:15 PM : Inserting entity with GID (0000000100000029).
7/19/2025 9:53:15 PM : Inserting entity with GID (000000010000002a).
7/19/2025 9:53:15 PM : Inserting entity with GID (000000010000002b).
7/19/2025 9:53:15 PM : Inserting entity with GID (000000060000002b).
7/19/2025 9:53:15 PM : Inserting entity with GID (000000060000002c).
7/19/2025 9:53:15 PM : Inserting entity with GID (000000060000002d).
7/19/2025 9:53:15 PM : Inserting entity with GID (000000050000001d).
7/19/2025 9:53:15 PM : Inserting entity with GID (000000050000001e).
7/19/2025 9:53:15 PM : Inserting entity with GID (000000040000001d).
7/19/2025 9:53:15 PM : Inserting entity with GID (000000040000001e).
7/19/2025 9:53:15 PM : Inserting entity with GID (000000030000002b).
7/19/2025 9:53:15 PM : Inserting entity with GID (000000030000002c).
7/19/2025 9:53:15 PM : Inserting entity with GID (000000030000002d).
7/19/2025 9:53:15 PM : Inserting entity with GID (000000020000002b).
7/19/2025 9:53:15 PM : Inserting entity with GID (000000020000002c).
7/19/2025 9:53:15 PM : Inserting entity with GID (000000020000002d).
7/19/2025 9:53:15 PM : Inserting entity with GID (000000010000002c).
7/19/2025 9:53:15 PM : Inserting entity with GID (000000010000002d).
7/19/2025 9:53:15 PM : Inserting entity with GID (000000010000002e).
7/19/2025 9:53:15 PM : Inserting entity with GID (000000060000002e).
7/19/2025 9:53:15 PM : Inserting entity with GID (000000060000002f).
7/19/2025 9:53:15 PM : Inserting entity with GID (0000000600000030).
7/19/2025 9:53:15 PM : Inserting entity with GID (000000050000001f).
7/19/2025 9:53:15 PM : Inserting entity with GID (0000000500000020).
7/19/2025 9:53:15 PM : Inserting entity with GID (000000040000001f).
7/19/2025 9:53:15 PM : Inserting entity with GID (0000000400000020).
7/19/2025 9:53:15 PM : Inserting entity with GID (000000030000002e).
7/19/2025 9:53:15 PM : Inserting entity with GID (000000030000002f).
7/19/2025 9:53:15 PM : Inserting entity with GID (0000000300000030).
7/19/2025 9:53:15 PM : Inserting entity with GID (000000020000002e).
7/19/2025 9:53:15 PM : Inserting entity with GID (000000020000002f).
7/19/2025 9:53:15 PM : Inserting entity with GID (0000000200000030).
7/19/2025 9:53:15 PM : Inserting entity with GID (000000010000002f).
7/19/2025 9:53:15 PM : Inserting entity with GID (0000000100000030).
7/19/2025 9:53:15 PM : Inserting entity with GID (0000000100000031).
7/19/2025 9:53:16 PM : The WCF service GenericDataAccess is ready.
7/19/2025 9:53:16 PM : Endpoints:
7/19/2025 9:53:16 PM : net.tcp://localhost:10000/NetworkModelService/GDA/
7/19/2025 9:53:16 PM : Connection string: ../NetworkModelData.data
7/19/2025 9:53:16 PM : Trace level: Info
7/19/2025 9:53:16 PM : The Network Model Service is started.
7/19/2025 9:53:16 PM : Press <Enter> to stop the service.
